name,check_in,check_out,adults,rooms,address,provider,reviews,rating,price,range
Da Vinci Hotel,12/9/2017,12/10/2017,2,1,"244 W 56th St, New York City, NY 10019-4306",,573,3.5,300,103-311
The Blakely New York,12/9/2017,12/10/2017,2,1,"136 W 55th St, Bet. 6th & 7th Avenue, New York City, NY 10019-5305",Orbitz.com,"1,449",4.5,440,218-506
Hotel Deauville,12/9/2017,12/10/2017,2,1,"103 East 29th Street, New York City, NY 10016",Hotwire.com,,4,145,135-175
"Marriott Vacation Club Pulse, New York City",12/9/2017,12/10/2017,2,1,"33 West 37th Street, New York City, NY 10018-6201",Hotels.com,"2,339",4.5,456,167-553
36 Hudson Hotel,12/9/2017,12/10/2017,2,1,"449 W 36th St, 36th Street between 9th & 10th Avenues, New York City, NY 10018-6303",Hotels.com,,4,321,128-349
Chelsea Inn - 11th Avenue,12/9/2017,12/10/2017,2,1,"184 11th Avenue, at 23rd Street, New York City, NY 10011",,18,2,423,400-543
Mayfair Hotel,12/9/2017,12/10/2017,2,1,"242 W 49th St, New York City, NY 10019-7405",Hotels.com,,3.5,175,112-286
Hampton Inn Manhattan-Chelsea,12/9/2017,12/10/2017,2,1,"108 West 24th Street, New York City, NY 10011-1902",Hampton.com,"1,920",4.5,446,169-485
Bristol Plaza,12/9/2017,12/10/2017,2,1,"210 E 65th St, New York City, NY 10065-6697",,9,5,260,255-379
Lotte New York Palace,12/9/2017,12/10/2017,2,1,"455 Madison Avenue, New York City, NY 10022-6845",,"3,516",4.5,878,277-1089
Hotel Cliff,12/9/2017,12/10/2017,2,1,"505 W 181st St, New York City, NY 10033-5102",,9,2.5,324,166-412
Gansevoort Park Avenue NYC,12/9/2017,12/10/2017,2,1,"420 Park Avenue South, New York City, NY 10016-8403",Priceline,"2,347",4.5,488,306-693
Sago Hotel,12/9/2017,12/10/2017,2,1,"120 Allen St, New York City, NY 10002-3004",Expedia.com,84,4.5,360,333-516
Fairfield Inn & Suites New York Manhattan/Chelsea,12/9/2017,12/10/2017,2,1,"116 West 28th Street, New York City, NY 10001",Fairfield Inn,837,4.5,360,171-519
Oxbridge Midtown East Apartments,12/9/2017,12/10/2017,2,1,"210 E 47th St, New York City, NY 10017-2108",,,3.5,178,160-243
New York Marriott East Side,12/9/2017,12/10/2017,2,1,"525 Lexington Avenue at 49th Street, New York City, NY 10017",Booking.com,"2,223",4,413,197-635
The Westin New York Grand Central,12/9/2017,12/10/2017,2,1,"212 East 42nd Street, Between 2nd Ave and 3rd Ave, New York City, NY 10017-5803",AMOMA,"3,487",4,369,201-618
"The Lexington New York City, Autograph Collection",12/9/2017,12/10/2017,2,1,"511 Lexington Avenue, at 48th Street, New York City, NY 10017",Expedia.com,"3,421",4,429,180-532
Seafarers & International House,12/9/2017,12/10/2017,2,1,"123 E 15th St, New York City, NY 10003-3594",,,4,143,93-169
Hotel Shocard at Times Square,12/9/2017,12/10/2017,2,1,"206 West 41th Street, New York City, NY 10036-7203",Expedia.com,235,4,424,156-459
The MAve Hotel,12/9/2017,12/10/2017,2,1,"62 Madison Ave, At 27th Street, New York City, NY 10016-8704",Cancelon,956,4,548,379-702
Park Lane Hotel,12/9/2017,12/10/2017,2,1,"36 Central Park South, 59th Street Between 5th Ave & 6th Ave, New York City, NY 10019-1600",Expedia.com,"6,538",4,599,191-598
Inter-Continental Central Park South New York,12/9/2017,12/10/2017,2,1,"112 Central Park S, New York City, NY 10019-1503",,,5,178,170-800
Candlewood Suites New York City Times Square,12/9/2017,12/10/2017,2,1,"339 W. 39th Street, New York City, NY 10018-1401",AMOMA,"1,879",4,374,145-438
InterContinental New York Times Square,12/9/2017,12/10/2017,2,1,"300 W 44th Street, New York City, NY 10036-5419",AMOMA,"5,389",4.5,709,232-706
Renaissance New York Times Square Hotel,12/9/2017,12/10/2017,2,1,"Two Times Square, 714 Seventh Avenue at W. 48th Street, New York City, NY 10036-7301",Hotwire.com,"2,417",4.5,613,259-745
Downtown Athletic Center,12/9/2017,12/10/2017,2,1,"19 West Street, New York City, NY 10001",,3,4.5,223,280-400
Hotel Olcott,12/9/2017,12/10/2017,2,1,"27 W 72nd St, New York City, NY 10023-3498",,3,4,328,250-600
The Helmsley Windsor,12/9/2017,12/10/2017,2,1,"100 West 58th Street, New York City, NY 10019",,16,4.5,145,110-190
Phillips Club,12/9/2017,12/10/2017,2,1,"155 W 66th St, New York City, NY 10023-6501",,91,4.5,445,420-525
Hilton New York Fashion District,12/9/2017,12/10/2017,2,1,"152 West 26th Street, New York City, NY 10001-6975",Hilton.com,"3,475",4,379,169-501
The Mansfield,12/9/2017,12/10/2017,2,1,"12 W 44th St, Off of Fifth Avenue, New York City, NY 10036-6604",Expedia.com,"1,847",3.5,373,140-431
Residence Inn New York Manhattan/Central Park,12/9/2017,12/10/2017,2,1,"1717 Broadway, New York City, NY 10019",Orbitz.com,"1,290",4.5,557,216-626
Hilton Garden Inn New York/Central Park South-Midtown West,12/9/2017,12/10/2017,2,1,"237 West 54th Street, New York City, NY 10019-5589",GardenInn.com,"2,597",4,549,186-570
MADE Hotel,12/9/2017,12/10/2017,2,1,"44 West 29 Street, New York City, NY 10001",,,5,372,221-576
AKA Central Park,12/9/2017,12/10/2017,2,1,"42 W 58th St, New York City, NY 10019-2505",,448,4.5,420,205-707
The Bowery Hotel,12/9/2017,12/10/2017,2,1,"335 Bowery, New York City, NY 10003-7138",TripAdvisor,643,4.5,575,411-662
Gramercy Park Hotel,12/9/2017,12/10/2017,2,1,"2 Lexington Avenue, New York City, NY 10010-5487",Orbitz.com,"1,463",4.5,679,413-813
Hotel Mimosa,12/9/2017,12/10/2017,2,1,"79 Division St, New York City, NY 10002-6201",Agoda.com,,3.5,156,110-233
Fairfield Inn & Suites New York Manhattan/Central Park,12/9/2017,12/10/2017,2,1,"538 W 58th St, New York City, NY 10019",Expedia.com,171,4,524,179-494
Hampton Inn Manhattan / Times Square Central,12/9/2017,12/10/2017,2,1,"220 West 41st St., New York City, NY 10036-7203",HotelQuickly,"1,838",4.5,361,183-508
Oakwood at the Blake,12/9/2017,12/10/2017,2,1,"220 East 63rd Street, New York City, NY 10065-7660",Orbitz.com,,5,199,150-450
The Roger,12/9/2017,12/10/2017,2,1,"131 Madison Ave, At 31st Street, New York City, NY 10016-7057",TheRoger.com,"2,878",4,409,220-550
Moderne Hotel,12/9/2017,12/10/2017,2,1,"243 W 55th St, New York City, NY 10019",Cancelon,"1,883",4.5,447,202-525
The Towers at Lotte New York Palace,12/9/2017,12/10/2017,2,1,"455 Madison Avenue, New York City, NY 10022",,"1,121",5,495,406-1705
The Whitby Hotel,12/9/2017,12/10/2017,2,1,"18 W 56th St, New York City, NY 10019",Priceline,35,4.5,995,630-1144
Room Mate Grace,12/9/2017,12/10/2017,2,1,"125 West 45th Street, New York City, NY 10036-4004",,"1,047",4.5,332,159-450
The Tuscany - A St Giles Signature Hotel,12/9/2017,12/10/2017,2,1,"120 East 39th Street, New York City, NY 10016-0906",Expedia.com,"1,883",4.5,409,223-492
The Knickerbocker,12/9/2017,12/10/2017,2,1,"6 Times Square, New York City, NY 10036",TripAdvisor,"2,354",4.5,472,286-695
Salisbury Hotel,12/9/2017,12/10/2017,2,1,"123 W 57th St, New York City, NY 10019-2200",Official Hotel,"3,955",4,384,108-457
The Grant Hotel,12/9/2017,12/10/2017,2,1,"306 W 94th St, New York City, NY 10025-6828",,42,3,131,99-389
Saint Nicholas Inn,12/9/2017,12/10/2017,2,1,"154th Street, New York City, NY 10032",,,4,117,94-206
Comfort Inn Sunset Park / Park Slope,12/9/2017,12/10/2017,2,1,"353 38th St, New York City, NY 11232-2511",,35,4,863,850-877
BEST WESTERN PLUS Seaport Inn Downtown,12/9/2017,12/10/2017,2,1,"33 Peck Slip, New York City, NY 10038-1708",,972,4,414,319-509
Roger Smith Hotel,12/9/2017,12/10/2017,2,1,"501 Lexington Avenue, New York City, NY 10017-2008",Orbitz.com,"2,191",4,377,156-465
Empire Hotel,12/9/2017,12/10/2017,2,1,"44 West 63rd Street, New York City, NY 10023-7029",AMOMA,"6,206",3.5,340,156-436
Comfort Inn Times Square West,12/9/2017,12/10/2017,2,1,"343 W 44th St, New York City, NY 10036-5402",,"1,007",4,291,164-407
AKA Times Square,12/9/2017,12/10/2017,2,1,"123 W 44th St, Between 6th & Broadway, New York City, NY 10036-4089",,597,4.5,577,290-723
TRYP New York City Times Square South,12/9/2017,12/10/2017,2,1,"345 West 35th Street, Steps to Times Square, High-line, Etc, New York City, NY 10001-1701",AMOMA,"3,865",4.5,570,157-472
Mondrian Park Avenue,12/9/2017,12/10/2017,2,1,"444 Park Avenue South, New York City, NY 10016",Booking.com,33,4.5,407,279-689
Best Western Plus Hospitality House,12/9/2017,12/10/2017,2,1,"145 E 49th St, New York City, NY 10017-1210",,"1,174",4.5,354,225-690
Lafayette House,12/9/2017,12/10/2017,2,1,"38 E 4th St, New York City, NY 10003-7008",,47,4.5,399,325-495
Four Points by Sheraton Manhattan Chelsea,12/9/2017,12/10/2017,2,1,"160 W 25th St, New York City, NY 10001-7479",,"1,039",4,343,160-509
St. Marks Hotel,12/9/2017,12/10/2017,2,1,"2 Saint Marks Place, New York City, NY 10003-8099",Orbitz.com,,3.5,179,138-209
Courtyard New York Manhattan/Chelsea,12/9/2017,12/10/2017,2,1,"135 W 30th St, New York City, NY 10001-4012",Courtyard,882,4.5,370,185-532
"nyma, the New York Manhattan Hotel",12/9/2017,12/10/2017,2,1,"6 W 32nd St, New York City, NY 10001-3802",Expedia.com,"2,794",4,429,148-407
Shelburne NYC–an Affinia hotel,12/9/2017,12/10/2017,2,1,"303 Lexington Ave, New York City, NY 10016-3165",AMOMA,"4,897",4.5,342,199-503
Walker Hotel Greenwich Village,12/9/2017,12/10/2017,2,1,"52 W 13th St, New York City, NY 10011-7902",Booking.com,"1,018",4.5,445,270-541
Hampton Inn Manhattan - Madison Square Garden Area,12/9/2017,12/10/2017,2,1,"116 West 31st Street, New York City, NY 10001-3401",Booking.com,"2,000",4,436,161-461
The Manhattan Club,12/9/2017,12/10/2017,2,1,"200 West 56th Street, New York City, NY 10019-4300",Cancelon,"1,403",4,420,227-632
Avalon Hotel,12/9/2017,12/10/2017,2,1,"16 East 32nd Street, New York City, NY 10016-5402",Cancelon,"1,620",4.5,445,171-549
Hilton Garden Inn New York/Manhattan-Chelsea,12/9/2017,12/10/2017,2,1,"121 West 28th Street, New York City, NY 10001-6102",GardenInn.com,"2,064",4,424,148-465
Dream Midtown,12/9/2017,12/10/2017,2,1,"210 W 55th St, New York City, NY 10019-5467",Booking.com,269,4,769,176-561
Kimpton Muse Hotel,12/9/2017,12/10/2017,2,1,"130 West 46th Street, New York City, NY 10036-8501",,"3,258",4.5,455,235-622
citizenM New York Times Square,12/9/2017,12/10/2017,2,1,"218 West 50th Street, New York City, NY 10019-6702",,"3,008",4.5,313,203-473
Viceroy Central Park New York,12/9/2017,12/10/2017,2,1,"120 W 57th Street, New York City, NY 10019-3320",Cancelon,"1,377",4,592,280-676
Excelsior Hotel,12/9/2017,12/10/2017,2,1,"45 W 81st St, New York City, NY 10024-6025",Cancelon,"2,116",4,971,146-512
Four Points by Sheraton Manhattan SoHo Village,12/9/2017,12/10/2017,2,1,"66 Charlton St, New York City, NY 10014-4601",Booking.com,953,4,400,136-529
The Marmara Manhattan,12/9/2017,12/10/2017,2,1,"301 East 94th Street, New York City, NY 10128-4718",AMOMA,898,4.5,376,171-467
Hampton Inn Manhattan-35th St/Empire State Bldg,12/9/2017,12/10/2017,2,1,"59 W. 35th Street, New York City, NY 10001-2202",Hotels.com,"2,199",4,417,151-444
AKA Wall Street,12/9/2017,12/10/2017,2,1,"84 William St, New York, NY, New York City, NY 10038-4601",,93,4.5,541,219-788
Hotel 17,12/9/2017,12/10/2017,2,1,"225 East 17th Street, New York City, NY 10003-3699",,"1,355",4,75,74-79
Gansevoort Meatpacking NYC,12/9/2017,12/10/2017,2,1,"18 9th Avenue, at 13th Street, New York City, NY 10014-1202",Booking.com,"1,841",4,444,285-653
The James New York-NoMad,12/9/2017,12/10/2017,2,1,"22 East 29th Street, New York City, NY 10016",Expedia.com,63,3.5,363,195-507
Life Hotel,12/9/2017,12/10/2017,2,1,"19 West 31st Street, Off Fifth Ave, New York City, NY 10001-4402",Hotels.com,,4,247,174-459
Broadway at Times Square Hotel,12/9/2017,12/10/2017,2,1,"129 West 46th Street, New York City, NY 10036-8502",,"2,120",4,195,144-375
"Club Quarters Hotel, Midtown",12/9/2017,12/10/2017,2,1,"40 W 45th St, New York City, NY 10036-4261",Priceline,"1,524",4,395,156-432
Le Parker Meridien New York,12/9/2017,12/10/2017,2,1,"119 West 56th Street, New York City, NY 10019-4000",LeMeridien.com,"5,612",4,619,279-741
Hilton Garden Inn New York/Manhattan-Midtown East,12/9/2017,12/10/2017,2,1,"206 E 52nd St, New York City, NY 10022-6201",GardenInn.com,"1,291",4.5,489,158-524
Wingate by Wyndham Manhattan Midtown,12/9/2017,12/10/2017,2,1,"235 W 35th St, New York City, NY 10001-1901",Booking.com,"2,205",4,404,139-418
Courtyard New York Manhattan/Herald Square,12/9/2017,12/10/2017,2,1,"71 W 35th St, at 6th Avenue, New York City, NY 10001-2112",Priceline,766,4.5,503,185-544
La Quinta Inn & Suites New York City Central Park,12/9/2017,12/10/2017,2,1,"31 W 71st St, New York City, NY 10023-4101",Expedia.com,221,3.5,349,127-415
Oakwood Sonoma,12/9/2017,12/10/2017,2,1,"300 E 39th St, New York City, NY 10016-2140",,0,-1,213,189-303
Riff Chelsea,12/9/2017,12/10/2017,2,1,"300 W 30th St at 8th Ave, New York City, NY 10001",Hotels.com,,2.5,157,78-277
The Plaza,12/9/2017,12/10/2017,2,1,"Fifth Avenue at Central Park South, New York City, NY 10019",,"2,357",4.5,791,546-1950
Waldorf Astoria New York,12/9/2017,12/10/2017,2,1,"301 Park Avenue, New York City, NY 10022-6844",CheapTickets,,4,1199,319-1799
The Marlton Hotel,12/9/2017,12/10/2017,2,1,"5 W 8th St, New York City, NY 10011-9099",Expedia.com,615,4.5,425,246-468
The Gallivant Times Square,12/9/2017,12/10/2017,2,1,"234 West 48th Street, New York City, NY 10036-1540",AMOMA,"1,406",3.5,371,116-416
Hotel Indigo Lower East Side New York,12/9/2017,12/10/2017,2,1,"171 Ludlow Street, New York City, NY 10002-1501",HotelIndigo.com,694,4.5,459,222-511
The Amsterdam Inn,12/9/2017,12/10/2017,2,1,"340 Amsterdam Ave, at 76th Street, New York City, NY 10024-6932",,110,3,72,69-109
Oakwood at 6th Avenue,12/9/2017,12/10/2017,2,1,"888 Avenue of the Americas, New York City, NY 10001-3502",,59,4.5,183,183-183
Element New York Times Square West,12/9/2017,12/10/2017,2,1,"311 West 39th Street, Between 8th and 9th, New York City, NY 10018-1401",AMOMA,"4,180",4,442,144-468
"The Pierre, A Taj Hotel, New York",12/9/2017,12/10/2017,2,1,"2 East 61st Street at Fifth Avenue, New York City, NY 10065",,"1,801",4.5,987,477-1091
The Soho Loft,12/9/2017,12/10/2017,2,1,"199 Lafayette St, New York City, NY 10012-4279",,,3,456,230-700
Hotel Riu Plaza New York Times Square,12/9/2017,12/10/2017,2,1,"307 W 46th St, New York City, NY 10036-3810",TripAdvisor,"2,049",4,354,185-463
Skyline Hotel,12/9/2017,12/10/2017,2,1,"725 10th Avenue, At 49th Street, New York City, NY 10019-7199",Cancelon,,4,324,132-374
SIXTY LES,12/9/2017,12/10/2017,2,1,"190 Allen St, Lower East Side, New York City, NY 10002-1418",Booking.com,"1,200",4,449,255-599
Doubletree Hotel Chelsea - New York City,12/9/2017,12/10/2017,2,1,"128 West 29th Street, New York City, NY 10001-5301",Doubletree.com,"2,055",4,459,152-493
The High Line Hotel,12/9/2017,12/10/2017,2,1,"180 10th Ave, at 20th Street, New York City, NY 10011-4707",Booking.com,652,4.5,579,321-795
Stewart Hotel,12/9/2017,12/10/2017,2,1,"371 Seventh Ave, New York City, NY 10001-3984",Expedia.com,"5,329",4,404,165-468
Four Points by Sheraton Midtown - Times Square,12/9/2017,12/10/2017,2,1,"326 W 40th St, New York City, NY 10018-1404",AMOMA,"2,266",4,404,156-537
Holiday Inn Express New York - Manhattan West Side,12/9/2017,12/10/2017,2,1,"538 W 48th St, New York City, NY 10036-1102",HIExpress.com,"1,088",4,404,162-422
"The Renwick Hotel New York City, Curio Collection by Hilton",12/9/2017,12/10/2017,2,1,"118 E 40th St, New York City, NY 10016-1724",Cancelon,"1,142",4.5,456,191-488
Trump International Hotel and Tower New York,12/9/2017,12/10/2017,2,1,"1 Central Park West, New York City, NY 10023-7703",Agoda.com,"1,311",4.5,878,473-1278
Holiday Inn Express Manhattan Times Square South,12/9/2017,12/10/2017,2,1,"60 West 36th Street & 6th Ave, New York City, NY 10018-8039",,"1,198",4.5,398,164-456
National at Park Towers,12/9/2017,12/10/2017,2,1,"315 West 57th Street, New York City, NY 10019-3158",,2,3,234,180-300
Washington Jefferson Hotel,12/9/2017,12/10/2017,2,1,"318 W 51st St, New York City, NY 10019-6499",,,4,398,135-403
Library Hotel by Library Hotel Collection,12/9/2017,12/10/2017,2,1,"299 Madison Avenue, New York City, NY 10017-6298",,"4,146",5,456,278-568
The Gotham Hotel,12/9/2017,12/10/2017,2,1,"16 E 46th St, Between Fifth Ave and Madison Ave, New York City, NY 10017-2471",,817,4,487,172-516
Lowell Hotel,12/9/2017,12/10/2017,2,1,"28 E 63rd St, Between Madison and Park Avenues, New York City, NY 10065-8088",Orbitz.com,318,4.5,990,621-2159
The Dorset,12/9/2017,12/10/2017,2,1,"30 W 54th St, New York City, NY 10019-5405",,2,2,324,175-475
3 West Club,12/9/2017,12/10/2017,2,1,"3 W 51st St, New York City, NY 10019-6909",Hotels.com,,4,297,131-359
Flatiron Hotel,12/9/2017,12/10/2017,2,1,"9 W 26th St, New York City, NY 10010-1003",Travelocity,792,4,419,184-486
W New York,12/9/2017,12/10/2017,2,1,"541 Lexington Avenue, between 49th St and 50th St, New York City, NY 10022-7503",AMOMA,"4,499",3.5,356,163-597
Embassy Suites by Hilton New York Midtown Manhattan,12/9/2017,12/10/2017,2,1,"60 W 37th St, New York City, NY 10018-7401",,0,-1,456,166-575
The Hilton Club - New York,12/9/2017,12/10/2017,2,1,"1335 Avenue of the Americas, 36th, 37th and 38th Floors of the Hilton New York, New York City, NY 10019-6012",Hilton.com,668,4.5,683,297-916
6 Columbus - A SIXTY Hotel,12/9/2017,12/10/2017,2,1,"308 W 58th St, New York City, NY 10019-1804",SixtyHotels.com,"1,128",4,504,182-587
Courtyard,12/9/2017,12/10/2017,2,1,"1717 Broadway, New York City, NY 10019-5214",,5,3.5,423,245-564
AC Hotel Times Square,12/9/2017,12/10/2017,2,1,"260 W 40th St, New York City, NY 10018",,0,-1,421,284-436
Washington Square Hotel,12/9/2017,12/10/2017,2,1,"103 Waverly Place, New York City, NY 10011-9194",Booking.com,"1,461",4,323,212-438
IBEROSTAR 70 Park Avenue Hotel,12/9/2017,12/10/2017,2,1,"70 Park Ave, New York City, NY 10016-2504",Hotels.com,"2,348",4,422,155-492
"The Standard, High Line",12/9/2017,12/10/2017,2,1,"848 Washington Street, at West 13th Street, New York City, NY 10014-1308",Booking.com,"2,886",4,489,302-615
Renaissance New York Hotel 57,12/9/2017,12/10/2017,2,1,"130 E 57th St, New York City, NY 10022-2726",Hotwire.com,"1,345",4,425,148-515
Hilton Garden Inn New York Times Square South,12/9/2017,12/10/2017,2,1,"326 West 37th Street, New York City, NY 10018",GardenInn.com,2,4.5,315,140-420
Chambers Hotel,12/9/2017,12/10/2017,2,1,"15 W 56th St, New York City, NY 10019",Booking.com,647,4.5,446,269-993
Fairfield Inn & Suites New York Manhattan/Fifth Avenue,12/9/2017,12/10/2017,2,1,"21 West 37th Street, New York City, NY 10018",Fairfield Inn,631,4,476,192-551
Four Seasons Hotel New York,12/9/2017,12/10/2017,2,1,"57 E 57th St, New York City, NY 10022-2081",FourSeasons.com,192,4.5,1275,919-1602
The Surrey,12/9/2017,12/10/2017,2,1,"20 East 76th Street, New York City, NY 10021-2643",Expedia.com,"1,900",4.5,770,414-983
414 Hotel,12/9/2017,12/10/2017,2,1,"414 West 46th Street, New York City, NY 10036-3505",,"1,419",4.5,356,263-457
The Marcel at Gramercy,12/9/2017,12/10/2017,2,1,"201 East 24th Street, New York City, NY 10010-3801",AMOMA,"3,178",4,293,154-410
CITY ROOMS NYC SoHo,12/9/2017,12/10/2017,2,1,"120 Lafayette St, New York City, NY 10013-3129",,117,4,136,113-273
The Premier Times Square by Millennium,12/9/2017,12/10/2017,2,1,"133 W 44th St, New York City, NY 10036-4012",AMOMA,810,4,476,225-583
WestHouse Hotel New York,12/9/2017,12/10/2017,2,1,"201 West 55 Street, New York City, NY 10019-5203",AMOMA,"1,776",4.5,505,294-725
National at the Metropolis,12/9/2017,12/10/2017,2,1,"150 E 44th St, New York City, NY 10017-4068",,0,-1,123,100-345
"The Carlyle, A Rosewood Hotel",12/9/2017,12/10/2017,2,1,"35 E 76th St, New York City, NY 10021",Expedia.com,804,4.5,950,419-1406
Cassa Hotel Times Square,12/9/2017,12/10/2017,2,1,"515 Ninth Avenue, at 39th Street, New York City, NY 10018-2802",,"1,228",4.5,567,194-618
Courtyard New York Manhattan/Fifth Avenue,12/9/2017,12/10/2017,2,1,"3 E 40th St, New York City, NY 10016-0101",Courtyard,925,4,449,197-548
Hotel Boutique At Grand Central,12/9/2017,12/10/2017,2,1,"447 Lexington Ave, 128 East 45th Street, New York City, NY 10017-3908",Booking.com,529,4.5,341,153-422
Hyatt Union Square New York,12/9/2017,12/10/2017,2,1,"134 4th Ave, New York City, NY 10003-4903",Booking.com,"1,718",4.5,474,281-689
Comfort Inn Midtown West,12/9/2017,12/10/2017,2,1,"548 W 48th St, New York City, NY 10036-1102",ComfortInn,561,4,339,140-433
Sheraton New York Times Square Hotel,12/9/2017,12/10/2017,2,1,"811 7th Avenue 53rd Street, New York City, NY 10019-6002",Cancelon,"8,315",4,789,203-688
West 57th Street by Hilton Club,12/9/2017,12/10/2017,2,1,"102 W 57th St, New York City, NY 10019-3302",CheapTickets,"1,394",4.5,789,295-871
Courtyard by Marriott New York Manhattan/Central Park,12/9/2017,12/10/2017,2,1,"1717 Broadway, New York City, NY 10019",Booking.com,"1,192",4,509,188-576
Hotel Hugo,12/9/2017,12/10/2017,2,1,"525 Greenwich St, New York City, NY 10013-1002",Priceline,"1,336",4,396,228-603
Hotel Central Fifth Avenue New York,12/9/2017,12/10/2017,2,1,"15 W 45th St, New York City, NY 10036-4904",Expedia.com,"1,203",4,459,138-425
East Bridge,12/9/2017,12/10/2017,2,1,"367 33rd St, New York City, NY 10003",,1,4,890,750-1200
Hilton Garden Inn New York - Times Square Central,12/9/2017,12/10/2017,2,1,"136 W 42nd St, New York City, NY 10036-7803",Cancelon,"1,546",4,455,167-612
Innside New York NoMad,12/9/2017,12/10/2017,2,1,"132 W 27th St, New York City, NY 10001-6202",Booking.com,"1,869",4.5,422,206-512
The Ludlow New York City,12/9/2017,12/10/2017,2,1,"180 Ludlow St, New York City, NY 10002-1514",SmithHotels.com,678,4.5,315,283-510
Gardens NYC–an Affinia hotel,12/9/2017,12/10/2017,2,1,"215 E 64th St, New York City, NY 10021",AMOMA,"1,901",4.5,468,302-725
The Paul Hotel,12/9/2017,12/10/2017,2,1,"32 W 29th St, New York City, NY 10001",Priceline,699,4,331,137-424
Radisson Martinique on Broadway,12/9/2017,12/10/2017,2,1,"49 West 32nd Street, New York City, NY 10001-3811",Booking.com,"4,693",4,378,181-458
Hotel Riverside Studios,12/9/2017,12/10/2017,2,1,"342 W 71st St, New York City, NY 10023-3550",,,2,98,70-120
The Hotel at Times Square,12/9/2017,12/10/2017,2,1,"59 West 46th Street, New York City, NY 10036-4120",Hotels.com,"3,594",4,330,137-380
Oakwood at Longacre House,12/9/2017,12/10/2017,2,1,"305 W 50th St, New York City, NY 10019-8400",,,3,267,209-279
The Hotel 91,12/9/2017,12/10/2017,2,1,"91 E Broadway, New York City, NY 10002-7014",,777,3.5,243,104-267
Executive Hotel LeSoleil,12/9/2017,12/10/2017,2,1,"38 W 36th St, New York City, NY 10018-8078",Booking.com,766,4.5,519,183-511
Soho House New York,12/9/2017,12/10/2017,2,1,"29 - 35 Ninth Avenue, New York City, NY 10014",,,4.5,980,275-1150
Courtyard New York Manhattan/Midtown East,12/9/2017,12/10/2017,2,1,"866 3rd Avenue, New York City, NY 10022-6221",Booking.com,"2,315",4.5,413,184-532
The Out NYC,12/9/2017,12/10/2017,2,1,"510 W 42nd St, New York City, NY 10036",,,4,876,193-936
Holiday Inn New York City - Times Square,12/9/2017,12/10/2017,2,1,"585 8th Ave, New York City, NY 10018-3003",AMOMA,683,4,360,156-490
Cassa Hotel 45th Street New York,12/9/2017,12/10/2017,2,1,"70 West 45th Street, New York City, NY 10036",AMOMA,"2,175",4.5,317,195-647
Holiday Inn NYC - Manhattan 6th Avenue - Chelsea,12/9/2017,12/10/2017,2,1,"125 W 26th St, New York City, NY 10001-6802",,"1,328",3.5,345,138-472
HGU New York,12/9/2017,12/10/2017,2,1,"34 E 32nd St, New York City, NY 10016-5503",Booking.com,209,4.5,422,195-487
Sanctuary Hotel New York,12/9/2017,12/10/2017,2,1,"132 West 47th Street, New York City, NY 10036-1502",Expedia.com,"4,085",4.5,545,234-555
Hotel Stanford,12/9/2017,12/10/2017,2,1,"43 West 32nd Street, New York City, NY 10001-3805",AMOMA,"1,648",4,323,124-429
"The Algonquin Hotel Times Square, Autograph Collection",12/9/2017,12/10/2017,2,1,"59 West 44th Street, Between Fifth & Sixth Ave, New York City, NY 10036",Autograph,"2,000",4,519,226-682
Royalton New York Hotel,12/9/2017,12/10/2017,2,1,"44 West 44th Street, New York City, NY 10036-6604",AMOMA,"2,268",4,532,222-588
The Maritime Hotel,12/9/2017,12/10/2017,2,1,"363 W 16th St, New York City, NY 10011-5902",Booking.com,664,4.5,340,259-490
Courtyard New York Manhattan/Upper East Side,12/9/2017,12/10/2017,2,1,"410 East 92nd Street, New York City, NY 10128-6881",Courtyard,884,4,339,159-503
SpringHill Suites New York Midtown Manhattan/Fifth Avenue,12/9/2017,12/10/2017,2,1,"25 W 37th St, New York City, NY 10018",Expedia.com,998,4.5,519,205-590
Andaz 5th Avenue,12/9/2017,12/10/2017,2,1,"485 5th Avenue, New York City, NY 10017-6149",Booking.com,"2,524",4.5,755,309-815
The GEM Hotel Chelsea,12/9/2017,12/10/2017,2,1,"300 W 22nd St, 22nd Street & 8th Avenue, New York City, NY 10011-2602",Agoda.com,"1,249",4,374,168-444
The Manhattan at Times Square Hotel,12/9/2017,12/10/2017,2,1,"790 7th Avenue at 51st Street, New York City, NY 10019",Hotels.com,"7,693",3.5,440,133-427
Hyatt Herald Square New York,12/9/2017,12/10/2017,2,1,"30 W 31st Street, New York City, NY 10001",AMOMA,981,4,452,204-559
Hotel Delmonico,12/9/2017,12/10/2017,2,1,"502 Park Ave, New York City, NY 10022-1108",,1,5,321,250-600
Oakwood at 777 6th Avenue,12/9/2017,12/10/2017,2,1,"777 Avenue of the Americas, New York City, NY 10001-6318",,,5,321,200-500
Doubletree by Hilton New York Times Square West,12/9/2017,12/10/2017,2,1,"350 W 40th St, New York City, NY 10018-1404",,671,3.5,324,144-522
Hotel 48LEX New York,12/9/2017,12/10/2017,2,1,"517 Lexington Avenue, New York City, NY 10017-1204",Orbitz.com,"1,518",4.5,483,260-588
Fairfield Inn & Suites New York Manhattan/Times Square,12/9/2017,12/10/2017,2,1,"330 West 40th Street, Between 8th Ave. & 9th Ave., New York City, NY 10018",AMOMA,"1,919",4,435,168-539
Mount Royal Hotel & Hostel,12/9/2017,12/10/2017,2,1,"315 West 94th Street, New York City, NY 10025-6829",,64,2,432,234-600
Staybridge Suites Times Square - New York City,12/9/2017,12/10/2017,2,1,"340 West 40th Street, New York City, NY 10018-1404",Agoda.com,"5,732",4.5,432,170-510
Courtyard New York Manhattan/Times Square West,12/9/2017,12/10/2017,2,1,"307 W 37th St, New York City, NY 10018-4202",Courtyard,"1,117",4.5,458,191-557
Hampton Inn Manhattan-Times Square North,12/9/2017,12/10/2017,2,1,"851 Eighth Avenue, New York City, NY 10019-6237",,"5,518",4.5,345,153-485
"Club Quarters Hotel, opposite Rockefeller Center",12/9/2017,12/10/2017,2,1,"25 W 51st St, off 5th Ave, New York City, NY 10019-6902",Hotels.com,"1,427",4,413,158-443
Hyatt House New York/Chelsea,12/9/2017,12/10/2017,2,1,"815 Avenue of the Americas, New York City, NY 10001",,245,4.5,423,187-541
The Milburn Hotel,12/9/2017,12/10/2017,2,1,"242 W 76th St, New York City, NY 10023-8232",CheapTickets,,4,254,108-381
U Hotel Fifth Avenue,12/9/2017,12/10/2017,2,1,"373 5th Ave, New York City, NY 10016-3307",Booking.com,"1,077",4,390,129-384
Courtyard New York Manhattan/Times Square,12/9/2017,12/10/2017,2,1,"114 W 40th St, New York City, NY 10018-2699",Courtyard,"1,465",4,609,195-566
Larchmont Hotel,12/9/2017,12/10/2017,2,1,"27 W 11th St, New York City, NY 10011",,502,4,143,90-249
Carnegie Hotel,12/9/2017,12/10/2017,2,1,"160 W 56th St, New York City, NY 10019-3866",Booking.com,85,4.5,529,244-595
Hotel Richland New York,12/9/2017,12/10/2017,2,1,"5 Allen Street, New York City, NY 10002",Hotels.com,,4,325,238-500
"Club Quarters Hotel, Grand Central",12/9/2017,12/10/2017,2,1,"128 E 45th St, New York City, NY 10017-3104",Expedia.com,639,4.5,359,154-444
Heritage Hotel New York City,12/9/2017,12/10/2017,2,1,"18 W 25th St, at 5th Avenue, New York City, NY 10010-2703",Priceline,794,3.5,305,134-411
The Melrose Hotel,12/9/2017,12/10/2017,2,1,"140 E 63rd St, New York City, NY 10065-7649",,,3,653,521-900
Broadway Plaza Hotel,12/9/2017,12/10/2017,2,1,"1155 Broadway, New York City, NY 10001-7516",,"1,436",4,342,139-420
Hotel 32 32,12/9/2017,12/10/2017,2,1,"32 E 32nd St, New York City, NY 10016",Booking.com,557,4,356,192-503
Archer Hotel New York,12/9/2017,12/10/2017,2,1,"45 West 38th Street, New York City, NY 10018-5501",,"3,098",4.5,561,229-569
Holiday Inn NYC - Lower East Side,12/9/2017,12/10/2017,2,1,"150 Delancey Street, New York City, NY 10002-3308",AMOMA,725,4,359,173-413
Hotel Giraffe by Library Hotel Collection,12/9/2017,12/10/2017,2,1,"365 Park Ave South, At 26th Street, New York City, NY 10016-8801",,"3,832",5,523,260-585
Hotel Metro,12/9/2017,12/10/2017,2,1,"45 W 35th St, New York City, NY 10001-2277",TripAdvisor,"4,232",4.5,394,185-466
PUBLIC,12/9/2017,12/10/2017,2,1,"215 Chrystie St, New York City, NY 10002",Orbitz.com,137,4,395,220-533
Fitzpatrick Grand Central Hotel,12/9/2017,12/10/2017,2,1,"141 East 44th Street, New York City, NY 10017-4006",,"2,294",4.5,452,171-475
Fairfield Inn & Suites New York Midtown Manhattan/Penn Station,12/9/2017,12/10/2017,2,1,"325 West 33rd Street, New York City, NY 10001",AMOMA,"1,397",4.5,403,197-630
The Evelyn,12/9/2017,12/10/2017,2,1,"7 East 27th Street, New York City, NY 10016-8701",AMOMA,"2,146",4,328,173-449
U Hotel,12/9/2017,12/10/2017,2,1,"373 5th Ave, New York City, NY",,3,3.5,934,650-1200
Hotel Belleclaire,12/9/2017,12/10/2017,2,1,"250 West 77th Street, New York City, NY 10024-6810",Agoda.com,"3,728",4,399,154-478
City Club Hotel,12/9/2017,12/10/2017,2,1,"55 W 44th St, New York City, NY 10036-6609",Booking.com,850,4,440,187-541
Beekman Apartments,12/9/2017,12/10/2017,2,1,"32 Beekman Pl, New York City, NY 10022-8034",,17,3,876,800-900
The Sherry-Netherland Hotel,12/9/2017,12/10/2017,2,1,"781 Fifth Avenue, At 59th Street, New York City, NY 10022-1092",,712,5,965,462-1234
Pod 39 Hotel,12/9/2017,12/10/2017,2,1,"145 E 39th Street, New York City, NY 10016-0913",Booking.com,"3,410",4,295,112-310
Hilton Times Square,12/9/2017,12/10/2017,2,1,"234 West 42nd Street, New York City, NY 10036-7215",,"6,941",4.5,456,186-584
Four Points by Sheraton Manhattan Midtown West,12/9/2017,12/10/2017,2,1,"446 10th Ave, New York City, NY 10001-1405",Booking.com,90,4.5,440,173-461
Safehouse Suites,12/9/2017,12/10/2017,2,1,"1600 Broadway, New York City, NY 10019",,,-1,698,591-900
Third Ave House,12/9/2017,12/10/2017,2,1,"215 E 81st St, New York City, NY 10028-2625",,4,3.5,456,391-800
W New York - Union Square,12/9/2017,12/10/2017,2,1,"201 Park Ave S, New York City, NY 10003-1634",Booking.com,"1,504",4,579,246-706
EVEN Hotel Times Square South,12/9/2017,12/10/2017,2,1,"321 West 35th St, New York City, NY 10001-1739",,"1,071",4.5,411,222-511
Broadway Tower,12/9/2017,12/10/2017,2,1,"216 W 103rd St, New York City, NY 10025-8713",,1,4,254,200-450
Hotel Americano,12/9/2017,12/10/2017,2,1,"518 W 27th St, New York City, NY 10001-5506",,434,3.5,415,231-648
The Benjamin,12/9/2017,12/10/2017,2,1,"125 East 50th Street, at Lexington Avenue, New York City, NY 10022-9501",Priceline,"2,740",4.5,541,223-673
"Hotel Henri, A Wyndham Hotel",12/9/2017,12/10/2017,2,1,"37 West 24th street, New York City, NY 10010",Priceline,"2,204",4,327,194-437
Hotel Carter,12/9/2017,12/10/2017,2,1,"250 W 43rd St, New York City, NY 10036-3970",,"4,294",2.5,112,95-150
The Lombardy,12/9/2017,12/10/2017,2,1,"111 E 56th St, New York City, NY 10022-2600",Booking.com,480,4,431,260-632
Envoy Club Suites,12/9/2017,12/10/2017,2,1,"377 E 33rd St, New York City, NY 10016-9474",,129,3.5,217,199-299
Oakwood at West 53rd,12/9/2017,12/10/2017,2,1,"310 W 53rd St # 312, New York City, NY 10019-5743",,0,-1,144,99-245
Park Savoy,12/9/2017,12/10/2017,2,1,"158 W 58th St, New York City, NY 10019-2128",Hotels.com,,3,211,133-223
Night Times Square,12/9/2017,12/10/2017,2,1,"157 West 47th Street, (between 6th & 7th Avenues), New York City, NY 10036-1503",AMOMA,"4,563",3.5,399,138-440
Hilton Garden Inn New York/West 35th Street,12/9/2017,12/10/2017,2,1,"63 West 35th Street, New York City, NY 10001-2202",,"5,248",4.5,372,170-479
The Marmara Park Avenue,12/9/2017,12/10/2017,2,1,"114 E 32nd St, New York City, NY 10016-5506",Booking.com,210,4.5,429,287-838
Crosby Street Hotel,12/9/2017,12/10/2017,2,1,"79 Crosby Street, New York City, NY 10012",,788,5,821,710-1173
Senton Hotel,12/9/2017,12/10/2017,2,1,"39 W 27th St, New York City, NY 10001-6900",,23,1.5,91,76-144
The Gregory Hotel,12/9/2017,12/10/2017,2,1,"42 W 35th St, New York City, NY 10001-2222",Booking.com,590,4,337,195-513
Off Soho Suites,12/9/2017,12/10/2017,2,1,"11 Rivington Street, New York City, NY 10002-1244",Hotels.com,,3.5,241,151-319
Hotel Hayden,12/9/2017,12/10/2017,2,1,"127 W 28th St, New York City, NY 10001-6102",Booking.com,192,4,405,182-463
Best Western Premier Herald Square,12/9/2017,12/10/2017,2,1,"50 W 36th Street, New York City, NY 10018",Travelocity,"1,844",4.5,466,150-463
Hotel St. James,12/9/2017,12/10/2017,2,1,"109 West 45th Street, New York City, NY 10036-4071",AMOMA,,3.5,199,174-334
Hotel on Rivington,12/9/2017,12/10/2017,2,1,"107 Rivington Street, New York City, NY 10002",Booking.com,"1,332",4,361,225-495
Ace Hotel New York,12/9/2017,12/10/2017,2,1,"20 West 29th Street, at Broadway, New York City, NY 10001-4502",Priceline,"1,745",4,359,201-544
Wall Street District Hotel,12/9/2017,12/10/2017,2,1,"22 Platt St, New York City, NY 10038-4805",,2,2,176,100-354
John Street Suites By Aba,12/9/2017,12/10/2017,2,1,"100 John St, New York City, NY 10038-3807",,0,-1,189,129-567
Kimpton Ink48 Hotel,12/9/2017,12/10/2017,2,1,"653 11th Avenue at 48th, New York City, NY 10036-2004",Booking.com,"3,219",4.5,430,213-525
Renaissance New York Midtown Hotel,12/9/2017,12/10/2017,2,1,"218 W 35th St, New York City, NY 10001-2562",Renaissance Hotels,710,4.5,467,227-669
Hampton Inn Manhattan Grand Central,12/9/2017,12/10/2017,2,1,"231 E 43rd St, New York City, NY 10017-4701",Hampton.com,"2,121",4.5,449,149-477
The Inn at Irving Place,12/9/2017,12/10/2017,2,1,"56 Irving Pl, New York City, NY 10003-2314",Hotels.com,,4,390,364-480
YourStay MidTown Apartments,12/9/2017,12/10/2017,2,1,"50 W 34th St, New York City, NY 10001-3097",,52,3,221,100-330
Hotel Plaza Athenee,12/9/2017,12/10/2017,2,1,"37 E 64th St, New York City, NY 10065-7003",Orbitz.com,689,4.5,719,347-906
Casablanca Hotel by Library Hotel Collection,12/9/2017,12/10/2017,2,1,"147 West 43rd Street, New York City, NY 10036-6575",,"5,821",5,371,255-455
"A Hospitality Company, Inc.",12/9/2017,12/10/2017,2,1,"247 W 35th St Fl 4, New York City, NY 10001-1908",,5,3,201,185-325
Ameritania Hotel,12/9/2017,12/10/2017,2,1,"230 West 54th Street, New York City, NY 10019-5594",AMOMA,"5,334",4.5,320,154-450
Signature Suites The Sullivan Suites,12/9/2017,12/10/2017,2,1,"179 Sullivan St, New York City, NY 10012-2545",,0,-1,322,291-450
Greenwich Hotel,12/9/2017,12/10/2017,2,1,"377 Greenwich St, New York City, NY 10013-2338",,533,4.5,876,716-914
Oakwood Cosmopolitan,12/9/2017,12/10/2017,2,1,"145 E 48th St, New York City, NY 10017-1254",,1,4,193,182-214
Beacon Light Motel,12/9/2017,12/10/2017,2,1,"Route 9, New York City, NY 12855",,1,3,211,190-250
Sutton Court Hotel Residences,12/9/2017,12/10/2017,2,1,"417 E 57th St, New York City, NY 10022-3018",,,4.5,213,182-214
Holiday Inn Express New York City Times Square,12/9/2017,12/10/2017,2,1,"343 West 39th Street, New York City, NY 10018-1401",,"2,176",4,317,134-447
Oakwood Bridge Tower Place,12/9/2017,12/10/2017,2,1,"401 E 60th St, New York City, NY 10022-1555",,0,-1,211,181-229
AC Hotel New York City Downtown,12/9/2017,12/10/2017,2,1,"151 Maiden Lane, New York City, NY 10005",,0,-1,371,199-519
Elk Hotel,12/9/2017,12/10/2017,2,1,"360 42nd Street, at Ninth Avenue, New York City, NY",,4,2.5,234,190-351
Moxy NYC Times Square,12/9/2017,12/10/2017,2,1,"485 7th Avenue, New York City, NY 10018",Hotels.com,,3.5,191,162-416
Kitano New York,12/9/2017,12/10/2017,2,1,"66 Park Ave, At 38th Street, New York City, NY 10016-3007",Travelocity,"1,175",4.5,539,232-653
Carvi Hotel New York,12/9/2017,12/10/2017,2,1,"152 E 55th St, New York City, NY 10022-4513",Booking.com,582,4.5,469,144-1145
Courtyard New York Manhattan/SoHo,12/9/2017,12/10/2017,2,1,"181 Varick St, New York City, NY 10014-4602",Priceline,568,4.5,404,215-582
Wyndham Midtown 45,12/9/2017,12/10/2017,2,1,"205 E 45th St, New York City, NY 10017-3301",Hotwire.com,,3.5,386,179-477
Lafayette International Guesthouse,12/9/2017,12/10/2017,2,1,"167.5 E 115th St, New York City, NY 10029-2002",,0,-1,212,190-300
Econo Lodge Times Square,12/9/2017,12/10/2017,2,1,"302 West 47th Street, New York City, NY 10036",EconoLodge,"1,241",4,305,129-384
Hampton Inn Manhattan/Times Square South,12/9/2017,12/10/2017,2,1,"337 West 39th Street, New York City, NY 10018-1401",AMOMA,"2,464",4,374,164-479
Hotel Wales,12/9/2017,12/10/2017,2,1,"1295 Madison Ave, New York City, NY 10128-1301",Cancelon,792,4,408,215-482
Hotel Chandler,12/9/2017,12/10/2017,2,1,"12 E 31st St, New York City, NY 10016-6702",Booking.com,"3,446",4.5,459,215-533
Oakwood Ocean At 1 West Street,12/9/2017,12/10/2017,2,1,"1 West St, New York City, NY 10004-1021",,0,-1,211,164-233
Signature Properties,12/9/2017,12/10/2017,2,1,"Suite#1AW, 160 Bleecker Street, New York City, NY 10012",,3,2,815,800-1234
La Quinta Inn & Suites Manhattan,12/9/2017,12/10/2017,2,1,"17 West 32nd St, New York City, NY 10001-3820",AMOMA,"2,604",4,343,128-362
Inn New York City,12/9/2017,12/10/2017,2,1,"266 W 71st St, New York City, NY 10023-3752",,,5,814,796-885
Oxbridge Apts Gramecy Park,12/9/2017,12/10/2017,2,1,"266 3rd Ave, New York City, NY 10010-7445",,1,3,289,190-350
La Semana Hotel,12/9/2017,12/10/2017,2,1,"25 W 24th St, New York City, NY 10010-3208",,,1.5,178,139-219
Comfort Inn Times Square South,12/9/2017,12/10/2017,2,1,"305 W 39th St, (39th St and 8th Ave), New York City, NY 10018-1401",,"1,151",4,237,163-414
Cambria Hotel & Suites - New York Times Square,12/9/2017,12/10/2017,2,1,"30 W 46th St, New York City, NY 10036-4500",AMOMA,825,4.5,391,172-544
Hyatt Place New York Midtown South,12/9/2017,12/10/2017,2,1,"52 W 36th St # 54, New York City, NY 10018-8029",Travelocity,"1,976",4,424,192-548
Crowne Plaza HY36 Midtown Manhattan,12/9/2017,12/10/2017,2,1,"320 W 36th St, New York City, NY 10018",CrownePlaza.com,78,5,499,228-486
Hotel 50 Bowery NYC,12/9/2017,12/10/2017,2,1,"50 Bowery, New York City, NY 10013-4801",TripAdvisor,463,5,399,203-506
Hotel Elysee by Library Hotel Collection,12/9/2017,12/10/2017,2,1,"60 E. 54th St., New York City, NY 10022-4642",TripAdvisor,"4,048",4.5,602,269-667
The Broome,12/9/2017,12/10/2017,2,1,"431 Broome St, New York City, NY 10013-5920",Priceline,485,5,530,284-668
The Bryant Park Hotel,12/9/2017,12/10/2017,2,1,"40 West 40th Street, New York City, NY 10018-2602",HotelQuickly,"3,715",4.5,608,281-722
"The Beekman, A Thompson Hotel",12/9/2017,12/10/2017,2,1,"123 Nassau St, New York City, NY 10038-2415",The Beekman,510,5,441,332-681
NobleDEN Hotel,12/9/2017,12/10/2017,2,1,"196 Grand Street, New York City, NY 10013-3712",Hotwire.com,720,4.5,432,203-405
Four Seasons Hotel New York Downtown,12/9/2017,12/10/2017,2,1,"27 Barclay Street, New York City, NY 10007",Orbitz.com,337,4.5,750,527-1459
"The Langham, New York, Fifth Avenue",12/9/2017,12/10/2017,2,1,"400 Fifth Avenue, New York City, NY 10018-2753",Agoda.com,"2,268",4.5,761,416-1204
LUMA Hotel Times Square,12/9/2017,12/10/2017,2,1,"120 W 41st St, New York City, NY 10036-7315",Booking.com,219,4.5,680,238-611
The Roxy Hotel Tribeca,12/9/2017,12/10/2017,2,1,"2 Avenue of the Americas, New York City, NY 10013-2401",Priceline,553,4.5,420,271-846
Baccarat Hotel & Residences New York,12/9/2017,12/10/2017,2,1,"28 West 53rd Street, New York City, NY 10019-6106",Orbitz.com,419,4.5,1375,802-1627
The French Quarters Guest Apartments,12/9/2017,12/10/2017,2,1,"346 W. 46th Street, New York City, NY 10036-3881",Booking.com,"1,147",4.5,339,209-586
1 Hotel Central Park,12/9/2017,12/10/2017,2,1,"1414 Avenue of the Americas, New York City, NY 10019-2514",Travelocity,"1,389",4.5,759,357-878
Q&A Residential Hotel,12/9/2017,12/10/2017,2,1,"70 Pine Street, New York City, NY 10005-1522",Booking.com,480,4.5,329,221-502
Park Hyatt New York,12/9/2017,12/10/2017,2,1,"153 West 57th Street, New York City, NY 10019-2214",Hyatt.com,"1,512",4.5,1275,648-1522
The Kimberly Hotel,12/9/2017,12/10/2017,2,1,"145 East 50th Street, New York City, NY 10022-9502",Hotwire.com,"1,903",4.5,432,240-712
The Pearl Hotel,12/9/2017,12/10/2017,2,1,"233 West 49th Street, New York City, NY 10019-7404",Travelocity,"2,416",4.5,670,272-707
Refinery Hotel,12/9/2017,12/10/2017,2,1,"63 West 38th Street, New York City, NY 10018-3818",Priceline,"4,174",4.5,559,272-653
EVEN Hotel New York - Midtown East,12/9/2017,12/10/2017,2,1,"219 E 44th St, New York City, NY 10017-4305",Even Hotels,393,4.5,389,192-451
The Mark,12/9/2017,12/10/2017,2,1,"Madison Avenue at 77th Street, 25 East 77th Street, New York City, NY 10078",TripAdvisor,746,4.5,945,507-1571
Edge Hotel,12/9/2017,12/10/2017,2,1,"514 W 168th St, New York City, NY 10032-4103",AMOMA,270,4.5,277,171-411
"Gild Hall, a Thompson Hotel",12/9/2017,12/10/2017,2,1,"15 Gold Street, Main Entrance on Platt Street, New York City, NY 10038-4803",TripAdvisor,"1,680",4.5,377,197-597
Loews Regency New York Hotel,12/9/2017,12/10/2017,2,1,"540 Park Avenue, 61st Street, New York City, NY 10065-7366",Orbitz.com,"1,610",4.5,739,293-982
"The Ritz-Carlton New York, Central Park",12/9/2017,12/10/2017,2,1,"50 Central Park South, New York City, NY 10019-1613",TripAdvisor,"1,522",4.5,1295,765-1966
"The Chatwal, A Luxury Collection Hotel, New York",12/9/2017,12/10/2017,2,1,"130 W 44th St, New York City, NY 10036-4011",LuxuryCollection,"1,186",4.5,845,561-1088
The Lex NYC,12/9/2017,12/10/2017,2,1,"67 Lexington Ave, New York City, NY 10010-1833",TripAdvisor,705,4.5,369,153-438
Residence Inn New York Manhattan / Midtown East,12/9/2017,12/10/2017,2,1,"148 East 48th Street, New York City, NY 10017",TripAdvisor,"1,702",4.5,409,199-591
The Iroquois New York,12/9/2017,12/10/2017,2,1,"49 W 44th St, btwn 5th & 6th Aves, New York City, NY 10036-6613",Booking.com,"3,766",4.5,559,224-601
The St. Regis New York,12/9/2017,12/10/2017,2,1,"2 East 55th Street, at Fifth Avenue, New York City, NY 10022",StRegis.com,742,4.5,1345,840-1534
San Carlos Hotel,12/9/2017,12/10/2017,2,1,"150 East 50th Street, New York City, NY 10022-9500",AMOMA,"1,454",4.5,439,267-532
Cambria hotel & suites New York - Chelsea,12/9/2017,12/10/2017,2,1,"123 W 28th Street, New York City, NY 10001-6120",CambriaHotels,903,4.5,399,167-448
The New York EDITION,12/9/2017,12/10/2017,2,1,"5 Madison Ave, New York City, NY 10010-3678",EDITION,"1,085",4.5,816,393-1105
Hyatt Centric Times Square New York,12/9/2017,12/10/2017,2,1,"135 West 45th Street, New York City, NY 10036-4004",Booking.com,"4,003",4.5,603,217-630
The NoMad Hotel,12/9/2017,12/10/2017,2,1,"1170 Broadway uf hfhdj, New York City, NY 10001-7507",TripAdvisor,833,4.5,625,359-764
The Peninsula New York,12/9/2017,12/10/2017,2,1,"700 Fifth Avenue at 55th Street, New York City, NY 10019",The Peninsula,"1,117",4.5,1186,581-1643
Park South Hotel,12/9/2017,12/10/2017,2,1,"124 East 28th Street, New York City, NY 10016-8402",Booking.com,"2,393",4.5,404,197-504
"Homewood Suites by Hilton New York/Midtown Manhattan Times Square-South, NY",12/9/2017,12/10/2017,2,1,"312 West 37th Street, New York City, NY 10018-4208",Homewood,"2,537",4.5,424,182-500
Conrad New York,12/9/2017,12/10/2017,2,1,"102 North End Avenue, New York City, NY 10282-1238",AMOMA,"3,374",4.5,293,305-690
the Quin,12/9/2017,12/10/2017,2,1,"101 West 57th Street, at 6th Avenue, New York City, NY 10019-2215",Priceline,"2,883",4.5,919,278-748
The Michelangelo Hotel,12/9/2017,12/10/2017,2,1,"152 West 51st Street, between 6th and 7th Avenues, New York City, NY 10019-6813",HotelQuickly,"3,633",4.5,607,286-751
Arlo NoMad,12/9/2017,12/10/2017,2,1,"11 E 31st St, New York City, NY 10016-6701",AMOMA,561,4.5,414,177-451
Kimpton Hotel Eventi,12/9/2017,12/10/2017,2,1,"851 Avenue of the Americas, New York City, NY 10001-4101",Booking.com,"3,447",4.5,483,252-622
Fitzpatrick Manhattan Hotel,12/9/2017,12/10/2017,2,1,"687 Lexington Ave, between 56th & 57th Street, New York City, NY 10022-2662",Elvoline,"1,318",4.5,506,198-536
The Bernic Hotel,12/9/2017,12/10/2017,2,1,"145 E 47th St, New York City, NY 10017-2007",HotelQuickly,227,4.5,407,182-506
"Mandarin Oriental, New York",12/9/2017,12/10/2017,2,1,"80 Columbus Circle at 60th Street, New York City, NY 10023-5800",Mandarin Oriental,"1,482",4.5,1395,765-2958
Chelsea Pines Inn,12/9/2017,12/10/2017,2,1,"317 West 14th Street, New York City, NY 10014-5015",Booking.com,"2,148",4.5,287,259-753
World Hotel,12/9/2017,12/10/2017,2,1,"101 Bowery, New York City, NY 10002-4900",Expedia.com,373,1.5,75,50-165
The Jane,12/9/2017,12/10/2017,2,1,"113 Jane Street, New York City, NY 10014-1700",Hotwire.com,"1,412",4,110,122-291
Blue Moon Hotel,12/9/2017,12/10/2017,2,1,"100 Orchard St, New York City, NY 10002-3106",Booking.com,553,4,114,73-303
Morningside Inn,12/9/2017,12/10/2017,2,1,"235 W 107th St, New York City, NY 10025-3096",Agoda.com,859,3,125,86-157
U.S. Pacific Hotel,12/9/2017,12/10/2017,2,1,"106 Bowery, New York City, NY 10013-4727",Booking.com,54,2.5,130,80-219
Hotel Pennsylvania New York,12/9/2017,12/10/2017,2,1,"401 Seventh Avenue at 33rd Street, New York City, NY 10001",AMOMA,"5,127",2.5,158,110-334
Riverside Tower Hotel,12/9/2017,12/10/2017,2,1,"80 Riverside Dr, New York City, NY 10024-5725",Hotels.com,668,3,160,95-199
Hotel 31,12/9/2017,12/10/2017,2,1,"120 East 31 Street, New York City, NY 10016-6809",Booking.com,"1,573",4,169,91-214
Royal Park Hotel,12/9/2017,12/10/2017,2,1,"258 West 97th Street, New York City, NY 10025-6218",Hotwire.com,649,3,169,81-225
Flushing Motel,12/9/2017,12/10/2017,2,1,"3450 Linden Pl, New York City, NY 11354-2825",Booking.com,5,3,180,110-209
Astor on the Park,12/9/2017,12/10/2017,2,1,"465 Central Park West, New York City, NY 10025-3851",Priceline,"1,529",3.5,183,120-315
Windsor Hotel,12/9/2017,12/10/2017,2,1,"108 Forsyth St, New York City, NY 10002-5102",Booking.com,254,2.5,196,99-273
Chelsea Inn - 17th Street,12/9/2017,12/10/2017,2,1,"46 W 17th St, New York City, NY 10011-5705",Priceline,144,3,202,105-263
Chelsea Savoy Hotel,12/9/2017,12/10/2017,2,1,"204 W 23rd St, New York City, NY 10011-2301",TripAdvisor,669,4,211,134-271
Seton Hotel,12/9/2017,12/10/2017,2,1,"144 East 40th Street, New York City, NY 10016-1762",HotelQuickly,814,4,213,125-429
Hotel Newton,12/9/2017,12/10/2017,2,1,"2528 Broadway, Upper West Side of Manhattan, New York City, NY 10025-6946",AMOMA,"1,572",4,220,83-309
Comfort Inn Manhattan Bridge,12/9/2017,12/10/2017,2,1,"61 - 63 Chrystie Street, New York City, NY 10002",Cancelon,570,4,221,133-375
Marrakech Hotel,12/9/2017,12/10/2017,2,1,"2688 Broadway, New York City, NY 10025-4411",AMOMA,"1,633",3,221,112-313
Belnord Hotel,12/9/2017,12/10/2017,2,1,"209 West 87th Street, New York City, NY 10024-2844",Hotels.com,"1,336",3.5,230,60-550
Clarion Hotel Park Avenue,12/9/2017,12/10/2017,2,1,"429 Park Ave S, New York City, NY 10016-8002",ClarionHotels,442,3.5,231,129-338
Amsterdam Court Hotel,12/9/2017,12/10/2017,2,1,"226 West 50th Street, New York City, NY 10019-6702",HotelQuickly,"3,249",3.5,231,126-417
The Roosevelt Hotel,12/9/2017,12/10/2017,2,1,"45 East 45th Street at Madison Avenue, New York City, NY 10017",AMOMA,"9,040",3.5,241,143-438
Fairfield Inn & Suites New York Downtown Manhattan/World Trade Center Area,12/9/2017,12/10/2017,2,1,"100 Greenwich Street, New York City, NY 10006",Hotels.com,1,5,242,158-313
Midtown West Hotel,12/9/2017,12/10/2017,2,1,"303 W 30th St, New York City, NY 10001-2703",Booking.com,115,3,244,104-307
Americana Inn,12/9/2017,12/10/2017,2,1,"69 W 38th St, New York City, NY 10018-5512",Booking.com,734,3.5,245,118-431
The Wall Street Inn,12/9/2017,12/10/2017,2,1,"9 S William St, Manhattan, New York City, NY 10004-2412",AMOMA,516,4,248,112-388
The Bentley Hotel,12/9/2017,12/10/2017,2,1,"500 East 62nd Street, Between York Ave and FDR Drive, New York City, NY 10065-8314",Booking.com,"3,829",4,254,173-459
"Club Quarters Hotel, Wall Street",12/9/2017,12/10/2017,2,1,"52 William St, New York City, NY 10005-2876",Booking.com,"1,483",4,278,144-379
NH New York Jolly Madison Towers,12/9/2017,12/10/2017,2,1,"22 E 38th St, Midtown, New York City, NY 10016-2502",NH Hotels,"2,725",3.5,284,139-322
Days Inn Hotel New York City-Broadway,12/9/2017,12/10/2017,2,1,"215 West 94th Street, New York City, NY 10025-6922",Priceline,"2,002",3,319,100-309
Travel Inn Hotel New York,12/9/2017,12/10/2017,2,1,"515 W 42nd St, New York City, NY 10036-6205",Booking.com,"1,820",3.5,250,163-1097
New York Marriott Downtown,12/9/2017,12/10/2017,2,1,"85 West St, at Albany Street, New York City, NY 10006-1532",Priceline,"1,856",4,254,171-568
Redford Hotel,12/9/2017,12/10/2017,2,1,"136 Ludlow St, New York City, NY 10002-2211",Booking.com,31,3.5,254,137-331
Comfort Inn Lower East Side,12/9/2017,12/10/2017,2,1,"154 Madison St, New York City, NY 10002-7004",AMOMA,174,4,255,106-327
Wolcott Hotel,12/9/2017,12/10/2017,2,1,"4 West 31st Street, Between 5th Avenue & Broadway, New York City, NY 10001-3594",getaroom.com,"2,369",4,259,131-335
Manhattan Broadway Hotel,12/9/2017,12/10/2017,2,1,"273 W 38th St, New York City, NY 10018-4416",TripAdvisor,685,2.5,260,93-279
Magnuson Convention Center Hotel,12/9/2017,12/10/2017,2,1,"522 W 38th St, New York City, NY 10018-1104",Orbitz.com,813,3.5,265,119-278
Holiday Inn New York City - Wall Street,12/9/2017,12/10/2017,2,1,"51 Nassau Street, New York City, NY 10038-4506",Priceline,739,4,270,128-381
DoubleTree by Hilton Hotel New York City - Financial District,12/9/2017,12/10/2017,2,1,"8 Stone Street, New York City, NY 10004-2202",AMOMA,"2,495",3.5,270,135-438
Aloft Harlem,12/9/2017,12/10/2017,2,1,"2296 Frederick Douglass Blvd, New York City, NY 10027-5324",Booking.com,721,4,274,182-407
Orchard Street Hotel,12/9/2017,12/10/2017,2,1,"163 Orchard St, New York City, NY 10002-2214",Booking.com,155,4,278,138-325
Hudson River Hotel,12/9/2017,12/10/2017,2,1,"442 W 36th St, New York City, NY 10018-6344",Booking.com,689,3.5,278,133-380
The Franklin,12/9/2017,12/10/2017,2,1,"164 E 87th St, Off Lexington Avenue, New York City, NY 10128-2206",Hotwire.com,721,3.5,278,167-481
Shoreham,12/9/2017,12/10/2017,2,1,"33 W 55th St, Just off of Fifth Avenue, New York City, NY 10019-4999",AMOMA,"1,834",3.5,281,152-420
Best Western Bowery Hanbee Hotel,12/9/2017,12/10/2017,2,1,"231 Grand Street, New York City, NY 10013-4246",Cancelon,"1,285",4,281,144-410
Night Theater District,12/9/2017,12/10/2017,2,1,"132 W 45th St, New York City, NY 10036-4003",getaroom.com,"2,176",4,283,147-554
Fairfield Inn & Suites New York Manhattan/Downtown East,12/9/2017,12/10/2017,2,1,"95 Henry Street, New York City, NY 10002",Travelocity,378,4,284,139-503
Holiday Inn Express New York City-Wall Street,12/9/2017,12/10/2017,2,1,"126 Water St, New York City, NY 10005-1615",Expedia.com,518,4,285,149-401
The Hotel @ New York City,12/9/2017,12/10/2017,2,1,"161 Lexington Ave, New York City, NY 10016-7305",AMOMA,"1,649",4,290,118-303
The Gatsby Hotel,12/9/2017,12/10/2017,2,1,"135 East Houston Street, New York City, NY 10002-1018",Booking.com,57,3.5,288,145-396
Courtyard New York Downtown Manhattan / World Trade Center Area,12/9/2017,12/10/2017,2,1,"133 Greenwich Street, New York City, NY 10006-1507",Booking.com,284,4,289,171-530
Dylan Hotel NYC,12/9/2017,12/10/2017,2,1,"52 E 41st St, New York City, NY 10017-6211",Booking.com,905,3.5,289,176-439
Eurostars Wall Street,12/9/2017,12/10/2017,2,1,"129 Front St, New York City, NY 10005-1636",AMOMA,289,3.5,293,126-378
The Frederick Hotel,12/9/2017,12/10/2017,2,1,"95 West Broadway, At Chambers Street, New York City, NY 10007-1151",AMOMA,"1,973",4,295,154-437
The Ridge Hotel,12/9/2017,12/10/2017,2,1,"151 E Houston St, New York City, NY 10002-1004",Booking.com,407,4,297,130-323
The Court – A St Giles Hotel,12/9/2017,12/10/2017,2,1,"130 E 39th St, New York City, NY 10016-0906",Expedia.com,"2,104",4,329,145-408
The Redbury New York,12/9/2017,12/10/2017,2,1,"29 E 29th St, New York City, NY 10016-7902",AMOMA,393,4,349,186-497
Hudson Hotel New York,12/9/2017,12/10/2017,2,1,"358 West 58th Street, New York City, NY 10019-1804",Official Site,"6,597",3.5,368,155-466
Duane Street Hotel,12/9/2017,12/10/2017,2,1,"130 Duane St, New York City, NY 10013-3808",HotelQuickly,640,4.5,367,194-517
Aloft Manhattan Downtown Financial District,12/9/2017,12/10/2017,2,1,"49 Ann St # 53, New York City, NY 10038-2409",Booking.com,195,4,329,156-500
"Smyth, a Thompson Hotel",12/9/2017,12/10/2017,2,1,"85 West Broadway, New York City, NY 10007-1045",Booking.com,504,4.5,525,275-756
Millennium Hilton New York Downtown,12/9/2017,12/10/2017,2,1,"55 Church Street, New York City, NY 10007-2939",Hilton.com,"4,688",4,329,169-557
Hampton Inn Manhattan-Seaport-Financial District,12/9/2017,12/10/2017,2,1,"320 Pearl St, New York City, NY 10038-1604",Hampton.com,"1,070",4,296,154-463
Residence Inn New York Downtown Manhattan/World Trade Center Area,12/9/2017,12/10/2017,2,1,"170 Broadway, at 4 Maiden Lane adjacent to the Gap, New York City, NY 10038-4154",Hotwire.com,671,4.5,290,208-549
Hotel Mulberry,12/9/2017,12/10/2017,2,1,"52 Mulberry St, New York City, NY 10013-4315",Travelocity,596,4.5,309,184-375
Four Points by Sheraton New York Downtown,12/9/2017,12/10/2017,2,1,"6 Platt St, New York City, NY 10038-4807",Booking.com,246,4,329,134-444
W New York - Downtown,12/9/2017,12/10/2017,2,1,"8 Albany Street, New York City, NY 10006",WHotels.com,"1,184",4,409,192-631
SoHo Garden Hotel,12/9/2017,12/10/2017,2,1,"276 Canal St, New York City, NY 10013-3517",Hotwire.com,423,3.5,491,105-416
"Club Quarters Hotel, World Trade Center",12/9/2017,12/10/2017,2,1,"140 Washington Street, New York City, NY 10006",Travelocity,"1,516",4.5,296,149-382
World Center Hotel,12/9/2017,12/10/2017,2,1,"144 Washington Street, New York City, NY 10006-1030",Hotwire.com,945,4.5,296,150-420
Fairfield Inn New York Manhattan/Financial District,12/9/2017,12/10/2017,2,1,"161 Front Street, New York City, NY 10038",Hotwire.com,413,4,290,168-471
11 Howard,12/9/2017,12/10/2017,2,1,"11 Howard St, New York City, NY 10013-3111",Travelocity,543,4.5,459,291-1749
Sheraton Tribeca New York Hotel,12/9/2017,12/10/2017,2,1,"370 Canal Street, New York City, NY 10013-2206",Travelocity,"2,003",4,319,136-473
Hilton Garden Inn New York/Tribeca,12/9/2017,12/10/2017,2,1,"39 Avenue of the Americas, New York City, NY 10013-2201",GardenInn.com,"1,467",4,368,125-486
NOMO SOHO Hotel,12/9/2017,12/10/2017,2,1,"9 Crosby Street, New York City, NY 10013",Preferred Hotels,"1,053",4,446,236-622
Holiday Inn Manhattan - Financial District,12/9/2017,12/10/2017,2,1,"99 Washington Street, New York City, NY 10006-1805",HolidayInn.com,"1,316",4,304,144-387
Andaz Wall Street,12/9/2017,12/10/2017,2,1,"75 Wall Street, Entrance on Water Street, New York City, NY 10005-2833",Prestigia.com,"2,996",4.5,327,177-582
The Leon Hotel,12/9/2017,12/10/2017,2,1,"125 Canal St, New York City, NY 10002-5049",Booking.com,397,4.5,357,151-462
Solita Soho Hotel,12/9/2017,12/10/2017,2,1,"159 Grand St, New York City, NY 10013-3119",Booking.com,481,4,369,140-386
Soho Grand Hotel,12/9/2017,12/10/2017,2,1,"310 West Broadway, New York City, NY 10013-2225",Hotwire.com,"3,019",4,422,264-673
Wyndham Garden Chinatown,12/9/2017,12/10/2017,2,1,"93 Bowery, New York City, NY 10002-4915",Booking.com,"1,582",4.5,399,151-436
The James New York - SoHo,12/9/2017,12/10/2017,2,1,"27 Grand St., New York City, NY 10013-1618",The James New York,"1,432",4.5,515,298-647
Hampton Inn Manhattan-SoHo,12/9/2017,12/10/2017,2,1,"54 Watts St, New York City, NY 10013",Orbitz.com,"1,717",4,349,156-414
Sohotel,12/9/2017,12/10/2017,2,1,"341 Broome St, New York City, NY 10013-4236",Booking.com,"1,302",3.5,379,117-422
The Nolitan Hotel,12/9/2017,12/10/2017,2,1,"30 Kenmare St, New York City, NY 10012-4613",Hotwire.com,957,4.5,510,241-557
SIXTY SoHo,12/9/2017,12/10/2017,2,1,"60 Thompson St, New York City, NY 10012-4308",Booking.com,985,4.5,585,318-781
Arlo SoHo,12/9/2017,12/10/2017,2,1,"231 Hudson St, New York City, NY 10013-1412",Booking.com,642,4.5,359,158-453
Hampton Inn Manhattan / Downtown - Financial District,12/9/2017,12/10/2017,2,1,"32 Pearl St, New York City, NY 10004-2111",Booking.com,579,4,350,148-438
Hilton Garden Inn NYC Financial Center/Manhattan Downtown,12/9/2017,12/10/2017,2,1,"6 Water Street, New York City, NY 10004",Booking.com,28,4.5,297,160-437
"The Ritz-Carlton New York, Battery Park",12/9/2017,12/10/2017,2,1,"2 West St, New York City, NY 10004-1074",Hotwire.com,"2,228",4.5,655,399-996
Trump SoHo New York,12/9/2017,12/10/2017,2,1,"246 Spring Street, New York City, NY 10013-1521",TrumpHotels.com,"3,139",4.5,525,317-716
The Mercer Hotel,12/9/2017,12/10/2017,2,1,"147 Mercer St, at Prince St, New York City, NY 10012-3203",Booking.com,300,4.5,715,616-1083
Doubletree Hotel Metropolitan - New York City,12/9/2017,12/10/2017,2,1,"569 Lexington Ave, at East 51st Street, New York City, NY 10022-7562",Doubletree.com,"4,915",3.5,369,131-475
DoubleTree Suites by Hilton Hotel New York City - Times Square,12/9/2017,12/10/2017,2,1,"1568 Broadway, 47th Street, New York City, NY 10036-8201",Doubletree.com,"8,166",4.5,693,192-650
The Lucerne Hotel,12/9/2017,12/10/2017,2,1,"201 West 79th Street, New York City, NY 10024-6200",Booking.com,"2,429",4.5,327,201-539
Grand Hyatt New York,12/9/2017,12/10/2017,2,1,"109 East 42nd Street, Park Avenue at Grand Central Terminal, New York City, NY 10017-8500",Hyatt.com,"8,948",4,404,190-521
YOTEL New York at Times Square West,12/9/2017,12/10/2017,2,1,"570 10th Avenue, (West 42nd Street), New York City, NY 10036-3001",Booking.com,"11,085",4.5,341,142-408
W New York - Times Square,12/9/2017,12/10/2017,2,1,"1567 Broadway at 47th St, New York City, NY 10036-1517",Priceline,"4,328",4,564,249-661
Paramount Hotel Times Square New York,12/9/2017,12/10/2017,2,1,"235 W 46th Street, Between Broadway & 8th Avenue, New York City, NY 10036-1409",Booking.com,"4,612",3.5,396,127-443
Wellington Hotel,12/9/2017,12/10/2017,2,1,"871 7th Avenue at W 55th St, New York City, NY 10019",Booking.com,"6,992",3.5,332,117-411
The Watson Hotel,12/9/2017,12/10/2017,2,1,"440 West 57th Street, New York City, NY 10019-3013",Travelocity,"4,401",3.5,327,125-379
New York Marriott Marquis,12/9/2017,12/10/2017,2,1,"1535 Broadway, At 45th Street, New York City, NY 10036",Booking.com,"11,259",4,814,305-747
Row NYC Hotel,12/9/2017,12/10/2017,2,1,"700 8th Avenue, New York City, NY 10036-3901",Booking.com,"19,388",3.5,422,127-399
NYLO New York City,12/9/2017,12/10/2017,2,1,"2178 Broadway, at W 77th Street, New York City, NY 10024-6647",Expedia.com,"5,405",4,439,182-550
Warwick New York,12/9/2017,12/10/2017,2,1,"65 West 54th Street, New York City, NY 10019-5404",Hotwire.com,"4,418",4.5,569,225-605
The New Yorker A Wyndham Hotel,12/9/2017,12/10/2017,2,1,"481 8TH Avenue, New York City, NY 10001-1809",Agoda.com,"11,632",4,386,158-429
Sofitel New York,12/9/2017,12/10/2017,2,1,"45 West 44th Street, New York City, NY 10036-6613",Booking.com,"6,594",4.5,569,264-1101
InterContinental New York Barclay,12/9/2017,12/10/2017,2,1,"111 E 48th St, New York City, NY 10017-1222",InterContinental,"1,161",4.5,387,215-665
Park Central Hotel New York,12/9/2017,12/10/2017,2,1,"870 Seventh Avenue at 56th Street, New York City, NY 10019",Expedia.com,"4,821",4,491,158-486
Pod 51 Hotel,12/9/2017,12/10/2017,2,1,"230 East 51st Street, New York City, NY 10022-6571",Expedia.com,"4,961",4,295,104-308
The Belvedere,12/9/2017,12/10/2017,2,1,"318 W 48th Street, New York City, NY 10036-1331",Expedia.com,"5,462",4,439,155-470
Hilton Garden Inn Times Square,12/9/2017,12/10/2017,2,1,"790 Eighth Avenue, New York City, NY 10019-7568",HotelQuickly,"7,281",4.5,510,158-512
New York Hilton Midtown,12/9/2017,12/10/2017,2,1,"1335 Avenue of the Americas, 6th Avenue at 54th Street, New York City, NY 10019-6078",HotelsClick,"10,504",3.5,406,230-626
Millennium Broadway New York Times Square,12/9/2017,12/10/2017,2,1,"145 West 44th street, New York City, NY 10036-4012",AMOMA,"5,390",4,414,198-555
Hotel Beacon,12/9/2017,12/10/2017,2,1,"2130 Broadway at 75th Street, New York City, NY 10023",AMOMA,"3,665",4.5,394,178-677
Crowne Plaza Times Square Manhattan,12/9/2017,12/10/2017,2,1,"1605 Broadway, between 48th and 49th Street, New York City, NY 10019-7406",Cancelon,"9,780",4,589,189-578
Hilton Garden Inn New York/Midtown Park Ave,12/9/2017,12/10/2017,2,1,"45 E 33rd St, New York City, NY 10016-5336",GardenInn.com,"1,088",4.5,469,153-516
Fifty NYC–an Affinia hotel,12/9/2017,12/10/2017,2,1,"155 East 50th Street, New York City, NY 10022-9503",Booking.com,"1,382",4.5,487,191-574
Hilton New York Grand Central,12/9/2017,12/10/2017,2,1,"E 42nd St, New York City, NY 10017-5905",Hilton.com,"2,511",4,373,107-431
The Time New York,12/9/2017,12/10/2017,2,1,"224 W 49th St, New York City, NY 10019-7405",TheTimeNY.com,448,4.5,619,191-610
The London NYC,12/9/2017,12/10/2017,2,1,"151 West 54th Street, New York City, NY 10019-5302",Booking.com,"3,582",4.5,699,403-836
Novotel New York Times Square,12/9/2017,12/10/2017,2,1,"226 W 52nd Street, New York City, NY 10019-5802",Booking.com,"5,551",4.5,539,188-547
Dream Downtown,12/9/2017,12/10/2017,2,1,"355 West 16th Street, Near 9th Ave, New York City, NY 10011-5902",Expedia.com,"3,612",4.5,425,264-590
The Westin New York at Times Square,12/9/2017,12/10/2017,2,1,"270 West 43rd Street, At 8th Avenue, New York City, NY 10036-3912",Booking.com,"2,679",4,584,240-656
Residence Inn New York Manhattan/Times Square,12/9/2017,12/10/2017,2,1,"1033 Avenue of the Americas, New York City, NY 10018",Booking.com,"2,422",4.5,589,228-652
Millennium Hilton New York One UN Plaza,12/9/2017,12/10/2017,2,1,"One United Nations Plaza, 44th Street, New York City, NY 10017-3515",Priceline,368,4,459,204-615
"The Standard, East Village",12/9/2017,12/10/2017,2,1,"25 Cooper Sq, New York City, NY 10003-7107",Priceline,711,4.5,449,299-615
JW Marriott Essex House New York,12/9/2017,12/10/2017,2,1,"160 Central Park S, New York City, NY 10019-1502",Expedia.com,"1,793",4,1119,361-984
Omni Berkshire Place,12/9/2017,12/10/2017,2,1,"21 E 52nd St, at Madison Ave, New York City, NY 10022-5389",Booking.com,"3,986",4.5,521,255-716
The Jewel facing Rockefeller Center,12/9/2017,12/10/2017,2,1,"11 West 51 Street, New York City, NY 10019-6994",Booking.com,"1,919",4.5,440,152-521
Holiday Inn Express New York City - Chelsea,12/9/2017,12/10/2017,2,1,"232 West 29th Street, New York City, NY 10001-5201",Booking.com,"2,053",4,424,148-416
Doubletree By Hilton - Times Square South,12/9/2017,12/10/2017,2,1,"341 West 36th Street, New York City, NY 10018-6401",Orbitz.com,"1,967",3.5,382,134-438
Hotel Edison Times Square,12/9/2017,12/10/2017,2,1,"228 West 47th Street, Between Broadway and 8 Avenue, New York City, NY 10036-1401",HotelQuickly,"9,819",3.5,320,146-453
Hotel Mela,12/9/2017,12/10/2017,2,1,"120 West 44th St, New York City, NY 10036-4050",Elvoline,"4,112",4,529,165-419
Distrikt Hotel New York City,12/9/2017,12/10/2017,2,1,"342 West 40th Street, New York City, NY 10018-1404",AMOMA,"5,398",4.5,351,190-505
La Quinta Inn & Suites Far Rockaway - JFK Airport,12/9/2017,12/10/2017,2,1,"4317 Rockaway Beach Blvd, Far Rockaway, NY 11691-1204",La Quinta,67,3.5,149,135-197
La Quinta Inn & Suites Brooklyn East,12/9/2017,12/10/2017,2,1,"1412 Pitkin Ave, Brooklyn, NY 11233-5110",Booking.com,43,4,199,173-301
Giorgio Hotel,12/9/2017,12/10/2017,2,1,"38-60 13th Street, Long Island City, NY 11101",TripAdvisor,1,5,150,61-174
Home2 Suites by Hilton New York Long Island City/ Manhattan View,12/9/2017,12/10/2017,2,1,"39-06 30th St, Long Island City, NY 11101-2806",,"1,088",4.5,272,166-348
Comfort Inn Staten Island,12/9/2017,12/10/2017,2,1,"310 Wild Ave, Staten Island, NY 10314-4710",ComfortInn,353,4,88,95-211
Best Western JFK Airport Hotel,12/9/2017,12/10/2017,2,1,"14425 153rd Ln, Jamaica, NY 11434-4203",BestWestern.com,915,3.5,184,153-261
DoubleTree by Hilton Hotel Nanuet,12/9/2017,12/10/2017,2,1,"425 E Route 59, Nanuet, NY 10954-2908",Doubletree.com,457,4.5,127,111-204
Wyndham Garden Brooklyn Sunset Park,12/9/2017,12/10/2017,2,1,"457 39th St, Brooklyn, NY 11232-2909",AMOMA,246,4,235,147-319
Henry Norman Hotel,12/9/2017,12/10/2017,2,1,"251 N Henry St, Brooklyn, NY 11222-1939",Booking.com,669,5,299,215-419
Courtyard by Marriott Tarrytown Westchester County,12/9/2017,12/10/2017,2,1,"475 White Plains Rd, Tarrytown, NY 10591-4904",TripAdvisor,625,4.5,121,127-243
Best Western Plus Morristown Inn,12/9/2017,12/10/2017,2,1,"270 South St, Morristown, NJ 07960-6019",BestWestern.com,387,4.5,140,127-239
Marco LaGuardia Hotel by Lexington,12/9/2017,12/10/2017,2,1,"13707 Northern Blvd, Flushing, NY 11354-4116",Booking.com,434,4,179,183-285
The William Vale,12/9/2017,12/10/2017,2,1,"111 North 12th Street, Brooklyn, NY 11249",Booking.com,398,4.5,499,293-859
Hampton Inn & Suites Newark-Harrison-Riverwalk,12/9/2017,12/10/2017,2,1,"100 Passaic Ave, Harrison, NJ 07029-1318",Hampton.com,979,4.5,144,134-221
Avenue Plaza Hotel,12/9/2017,12/10/2017,2,1,"4624 13th Ave, Brooklyn, NY 11219-2630",,47,4.5,347,230-552
Garden City Hotel,12/9/2017,12/10/2017,2,1,"45 7th St, Garden City, NY 11530-2890",,571,4.5,314,219-399
LaGuardia Plaza Hotel - New York,12/9/2017,12/10/2017,2,1,"10404 Ditmars Blvd, East Elmhurst, NY 11369-1665",AMOMA,"1,012",3.5,183,190-258
Days Inn Brooklyn Borough Park,12/9/2017,12/10/2017,2,1,"1766 East 49th Street, Brooklyn, NY 11234",Booking.com,11,3.5,179,121-220
Quality Inn Woodside,12/9/2017,12/10/2017,2,1,"5305 Queens Blvd, Woodside, NY 11377-4641",Hotels.com,389,3.5,843,822-875
Holiday Inn Express At JFK,12/9/2017,12/10/2017,2,1,"15370 S Conduit Ave, Jamaica, NY 11434-4237",Expedia.com,895,3.5,190,171-274
Holiday Inn Express LaGuardia Airport,12/9/2017,12/10/2017,2,1,"113-10 Horace Harding Expressway, Flushing, NY 11368",Booking.com,249,4,219,207-285
Howard Johnson Inn Jamaica JFK Airport NYC,12/9/2017,12/10/2017,2,1,"15395 Rockaway Blvd, Jamaica, NY 11434-3635",Booking.com,650,3,151,144-222
W Hoboken,12/9/2017,12/10/2017,2,1,"225 River St, Hoboken, NJ 07030-4772",Expedia.com,"1,205",4.5,305,213-521
Shkolnick Motel,12/9/2017,12/10/2017,2,1,"273 Avenue P, Brooklyn, NY 11204-4152",,0,-1,311,300-600
Hilton Brooklyn New York,12/9/2017,12/10/2017,2,1,"140 Schermerhorn St, Brooklyn, NY 11201-5987",Expedia.com,309,4.5,242,158-430
Staten Island New York Hotel,12/9/2017,12/10/2017,2,1,"300 Wild Avenue, Staten Island, NY 10314",Booking.com,5,4,116,123-204
Dolce Basking Ridge,12/9/2017,12/10/2017,2,1,"300 N Maple Ave, Basking Ridge, NJ 07920-1043",Booking.com,803,4,211,173-275
Crowne Plaza JFK Airport New York City,12/9/2017,12/10/2017,2,1,"13810 135th Ave, Jamaica, NY 11436-2102",Booking.com,736,4,211,179-282
Comfort Inn JFK Airport,12/9/2017,12/10/2017,2,1,"14436 153rd Ln, Jamaica, NY 11434-4204",Orbitz.com,310,3,171,89-199
Best Western Queens Court Hotel,12/9/2017,12/10/2017,2,1,"13351 39th Ave, Flushing, NY 11354-4432",BestWestern.com,222,3.5,130,130-215
Super 8 Bronx,12/9/2017,12/10/2017,2,1,"1145 Southern Blvd, Bronx, NY 10459-1901",,136,4,145,137-151
Union Hotel,12/9/2017,12/10/2017,2,1,"611 Degraw St, Brooklyn, NY 11217-3120",TripAdvisor,403,3,190,89-224
Sheraton Brooklyn New York Hotel,12/9/2017,12/10/2017,2,1,"228 Duffield Street, Brooklyn, NY 11201-5303",Booking.com,"1,158",3.5,279,153-392
"The Ritz-Carlton New York, Westchester",12/9/2017,12/10/2017,2,1,"3 Renaissance Square, White Plains, NY 10601-3001",Travelocity,602,4.5,299,320-517
Courtyard New York LaGuardia Airport,12/9/2017,12/10/2017,2,1,"9010 Ditmars Blvd, East Elmhurst, NY 11369-1133",Expedia.com,577,4,159,183-298
Oasis Motel,12/9/2017,12/10/2017,2,1,"12091 Flatlands Avenue, Brooklyn, NY 11207",Expedia.com,32,3,329,348-384
Adria Hotel And Conference Center,12/9/2017,12/10/2017,2,1,"221-17 Northern Blvd, Bayside, NY 11361-3600",Booking.com,231,4,149,131-194
Howard Johnson Bronx Near Stadium,12/9/2017,12/10/2017,2,1,"1300 Sedgwick Ave, Bronx, NY 10452-1417",,191,3,171,150-300
The Rockaway House Hotel,12/9/2017,12/10/2017,2,1,"75 Cooper st, Brooklyn, NY 11207",Expedia.com,1,1,143,100-160
1 Hotel Brooklyn Bridge,12/9/2017,12/10/2017,2,1,"60 Furman St, Brooklyn, NY 11201-1325",Travelocity,465,4.5,479,315-751
Hilton Garden Inn Long Island City Queensboro Bridge,12/9/2017,12/10/2017,2,1,"29-21 41st Avenue, Long Island City, NY 11101",GardenInn.com,779,4.5,269,108-325
Red Carpet Inn Brooklyn,12/9/2017,12/10/2017,2,1,"536 39th Street, Brooklyn, NY 11232-3002",Orbitz.com,19,2.5,189,150-400
Comfort Inn,12/9/2017,12/10/2017,2,1,"4224 Crescent St, Long Island City, NY 11101-4217",ComfortInn,524,4,170,132-225
La Quinta Inn & Suites Brooklyn Central,12/9/2017,12/10/2017,2,1,"1229 Atlantic Ave., Brooklyn, NY 11216",Booking.com,15,3,179,126-243
Sleep Inn Brooklyn Downtown,12/9/2017,12/10/2017,2,1,"134 22nd St, Brooklyn, NY 11232-1106",Hotels.com,200,3.5,152,145-231
Days inn Brooklyn Crown Heights,12/9/2017,12/10/2017,2,1,"1691 East New York Ave, Brooklyn, NY 11212",Booking.com,25,2.5,169,116-225
Hotel BPM Brooklyn,12/9/2017,12/10/2017,2,1,"139 33rd St, Brooklyn, NY 11232",TripAdvisor,769,4,160,95-229
Aloft Long Island City - Manhattan View,12/9/2017,12/10/2017,2,1,"2745 Jackson Ave, Long Island City, NY 11101-2917",,65,4,243,134-323
Hampton Inn Carlstadt-At The Meadowlands,12/9/2017,12/10/2017,2,1,"304 Paterson Plank Rd, Carlstadt, NJ 07072-2309",Hampton.com,959,4.5,219,116-233
Hotel de Point,12/9/2017,12/10/2017,2,1,"2007 127th St, Flushing, NY 11356-2321",Booking.com,296,4,161,133-325
Howard Johnson Long Island City,12/9/2017,12/10/2017,2,1,"3861 12th St, Long Island City, NY 11101-6115",Booking.com,862,3.5,168,118-265
Hilton Garden Inn Lakewood,12/9/2017,12/10/2017,2,1,"1885 Highway 70, Lakewood, NJ 08701-7394",GardenInn.com,793,4.5,199,130-263
Best Western Premier NYC Gateway Hotel,12/9/2017,12/10/2017,2,1,"2650 Paterson Plank Road, North Bergen, NJ 7047",Expedia.com,120,4.5,175,148-296
Motel 6 Long Island City - Queens,12/9/2017,12/10/2017,2,1,"2632 Skillman Ave, Long Island City, NY 11101-4433",Booking.com,25,4,150,108-196
The Condor Hotel,12/9/2017,12/10/2017,2,1,"56 Franklin Ave, Brooklyn, NY 11205-1504",Booking.com,"1,022",4.5,213,154-356
Holiday Inn L.I. City - Manhattan View,12/9/2017,12/10/2017,2,1,"3905 29th St, Long Island City, NY 11101-3707",HolidayInn.com,886,4,251,122-287
Red Lion Inn and Suites Brooklyn,12/9/2017,12/10/2017,2,1,"279 Butler Street, Brooklyn, NY 11217",TripAdvisor,175,3.5,174,145-303
Holiday Inn LaGuardia Airport,12/9/2017,12/10/2017,2,1,"3710 114th St, Corona, NY 11368-1443",HolidayInn.com,371,3.5,144,167-296
New York Marriott at the Brooklyn Bridge,12/9/2017,12/10/2017,2,1,"333 Adams St, Brooklyn, NY 10036-1520",Marriott Hotels,"2,067",4,332,194-579
Homewood Suites by Hilton Edgewater - NYC Area,12/9/2017,12/10/2017,2,1,"10 The Promenade, Edgewater, NJ 07020-2128",Homewood,872,4.5,178,173-273
Sonesta ES Suites Princeton,12/9/2017,12/10/2017,2,1,"4375 US Route 1 South, Princeton, NJ 08540",Hotwire.com,683,4.5,129,136-216
New York LaGuardia Airport Marriott,12/9/2017,12/10/2017,2,1,"10205 Ditmars Blvd, East Elmhurst, NY 11369-1327",Marriott Hotels,537,3.5,175,196-333
Howard Johnson Brooklyn,12/9/2017,12/10/2017,2,1,"524 Rockaway Ave, Brooklyn, NY 11212-5636",Hotels.com,35,2,687,461-873
Howard Johnson Jamaica NY Near Airtrain JFK,12/9/2017,12/10/2017,2,1,"13909 Archer Ave, Jamaica, NY 11435-4304",TripAdvisor,439,3.5,300,129-574
Comfort Inn & Suites Ozone Park,12/9/2017,12/10/2017,2,1,"13730 Redding St, Ozone Park, NY 11417-2806",,161,3,211,160-263
Boro Hotel,12/9/2017,12/10/2017,2,1,"3828 27th St, 39th Avenue & 38th Avenue, Long Island City, NY 11101-2702",Booking.com,610,4.5,314,136-337
Hampton Inn & Suites Robbinsville,12/9/2017,12/10/2017,2,1,"153 W Manor Way, Robbinsville, NJ 08691-2312",Booking.com,464,4.5,93,105-181
Hotel Lynx,12/9/2017,12/10/2017,2,1,"1420 Atlantic Ave, Brooklyn, NY 11216-2812",,122,3.5,178,109-269
Hampton Inn & Suites Yonkers,12/9/2017,12/10/2017,2,1,"160 Corporate Dr, Yonkers, NY 10701-6813",Hampton.com,991,4.5,118,129-225
Residence Inn By Marriott New York The Bronx at Metro Center Atrium,12/9/2017,12/10/2017,2,1,"1776 Eastchester Road, Bronx, NY 10461",Residence Inn,353,5,219,215-360
Holiday Inn New York JFK Airport Area,12/9/2017,12/10/2017,2,1,"154-71 Brookville Boulevard Rosedale, Jamaica, NY 11422",Booking.com,358,3.5,171,149-258
Americas Best Value Inn Brooklyn,12/9/2017,12/10/2017,2,1,"1705 Linden Blvd, Brooklyn, NY 11212-6907",Hotels.com,11,2.5,134,93-199
"Langham Place, Fifth Avenue",12/9/2017,12/10/2017,2,1,"400 Fifth Avenue, New York City, NY 10018-2753",Booking.com,"2,277",4.5,829,400-1197
The Paper Factory Hotel,12/9/2017,12/10/2017,2,1,"3706 36th St, Long Island City, NY 11101-1604",Official Hotel,717,4,246,122-432
BKLYN House,12/9/2017,12/10/2017,2,1,"9 Beaver St, Brooklyn, NY 11206-4538",Booking.com,380,4,212,120-299
Comfort Inn Brooklyn City Center,12/9/2017,12/10/2017,2,1,"599 Utica Ave, Brooklyn, NY 11203-1916",Hotels.com,74,3,171,141-286
Hampton Inn & Suites Fairfield,12/9/2017,12/10/2017,2,1,"118 US Highway 46, Fairfield, NJ 07004-3217",Booking.com,540,4.5,219,191-300
Imperial Hotel,12/9/2017,12/10/2017,2,1,"2550 E New York Ave, Brooklyn, NY 11207-2323",,11,2,222,190-450
Hyatt Place Flushing/LaGuardia Airport,12/9/2017,12/10/2017,2,1,"13342 39th Ave, Flushing, NY 11354-4515",AMOMA,634,4.5,247,206-492
Homewood Suites Dover-Rockaway,12/9/2017,12/10/2017,2,1,"2 Commerce Center Dr, Dover, NJ 07801-5779",Homewood,506,4.5,103,115-247
Comfort Inn & Suites Airport,12/9/2017,12/10/2017,2,1,"6030 Maurice Ave, Maspeth, NY 11378-1226",ComfortInn,162,3.5,165,127-239
Hampton Inn & Suites Staten Island,12/9/2017,12/10/2017,2,1,"1120 South Ave, Staten Island, NY 10314-3410",Hampton.com,756,4,169,132-207
"Viana Hotel & Spa, BW Premier Collection",12/9/2017,12/10/2017,2,1,"3998 Brush Hollow Road, Westbury, NY 11590",Booking.com,731,4.5,189,130-265
Hyatt Regency Jersey City,12/9/2017,12/10/2017,2,1,"2 Exchange Pl, Jersey City, NJ 07302-3901",Hyatt.com,"2,868",4.5,254,199-480
Holiday Inn Express Queens - Maspeth,12/9/2017,12/10/2017,2,1,"5940 55th Rd, Maspeth, NY 11378",HIExpress.com,225,3.5,183,185-250
Best Western Long Island City,12/9/2017,12/10/2017,2,1,"3805 Hunters Point Ave, Long Island City, NY 11101-1915",,600,3.5,178,150-300
Best Western Plus La Guardia Airport Hotel Queens,12/9/2017,12/10/2017,2,1,"112-26 Roosevelt Avenue, Corona, NY 11368-2624",BestWestern.com,347,4,148,139-234
Super Lake Hotel,12/9/2017,12/10/2017,2,1,"36-31 Prince St, Flushing, NY 11354-4008",Priceline,66,3,491,130-856
Galaxy Motel,12/9/2017,12/10/2017,2,1,"860 Pennsylvania Ave, Brooklyn, NY 11207-8422",Travelocity,26,2.5,157,146-176
EVEN Hotel Brooklyn,12/9/2017,12/10/2017,2,1,"46 Nevins St, Brooklyn, NY 11217-1020",Even Hotels,328,4.5,243,150-363
Holiday Inn Express Staten Island West,12/9/2017,12/10/2017,2,1,"300 Wild Ave, Staten Island, NY 10314-4710",Booking.com,373,4,153,129-237
Nesva Hotel,12/9/2017,12/10/2017,2,1,"3912 29th St, Long Island City, NY 11101-3708",Booking.com,507,4,169,114-247
Motel 6 Long Island City NY,12/9/2017,12/10/2017,2,1,"2632 Skillman Ave, Long Island City, NY 11101-4433",,8,4,136,125-153
Sleep Inn Coney Island,12/9/2017,12/10/2017,2,1,"2586 Stillwell Ave, Brooklyn, NY 11223-5806",Expedia.com,23,3.5,167,128-342
"Brooklyn Way Hotel, BW Premier Collection",12/9/2017,12/10/2017,2,1,"764 4th Avenue, Brooklyn, NY 11232-1413",Hotwire.com,"1,263",4,150,133-261
Fairfield Inn & Suites New York Brooklyn,12/9/2017,12/10/2017,2,1,"181 3rd Ave, Brooklyn, NY 11217-3003",Fairfield Inn,654,4,251,154-369
"The Vue, an Ascend Hotel Collection Member",12/9/2017,12/10/2017,2,1,"2201 41st Ave, Long Island City, NY 11101-4803",Booking.com,18,4,219,132-319
Sleep Inn JFK Airport Rockaway Blvd,12/9/2017,12/10/2017,2,1,"15375 Rockaway Blvd, Jamaica, NY 11434-3635",Expedia.com,284,3.5,169,151-258
Hampton Inn South Plainfield-Piscataway,12/9/2017,12/10/2017,2,1,"205 New World Way, South Plainfield, NJ 07080-1141",Hampton.com,586,4.5,89,102-204
HYATT house Bridgewater,12/9/2017,12/10/2017,2,1,"530 US Highway 22, Bridgewater, NJ 08807-2405",Hyatt.com,546,4.5,143,158-302
Midwood Suites,12/9/2017,12/10/2017,2,1,"1078 E 15th St, Brooklyn, NY 11230-4402",Expedia.com,79,3,159,102-184
Extended Stay America - New York City - Laguardia Airport,12/9/2017,12/10/2017,2,1,"1830 Whitestone Expy, Whitestone, NY 11357-3061",ExtendedStay,164,4,130,140-210
Surfside 3 Motel,12/9/2017,12/10/2017,2,1,"16433 Crossbay Blvd, Howard Beach, NY 11414-3743",Travelocity,81,3.5,142,138-150
Fairfield Inn New York JFK Airport,12/9/2017,12/10/2017,2,1,"15608 Rockaway Blvd, Jamaica, NY 11434-4844",Fairfield Inn,819,4,159,163-253
Four Points by Sheraton Long Island City Queensboro Bridge,12/9/2017,12/10/2017,2,1,"2705 39th Ave, Long Island City, NY 11101-2703",Expedia.com,523,4,209,137-279
Hutchinson Whitestone Motel,12/9/2017,12/10/2017,2,1,"2815 Westchester Ave, Bronx, NY 10461-4511",,0,-1,215,100-300
"Country Inn & Suites By Carlson, New York City in Queens",12/9/2017,12/10/2017,2,1,"4034 Crescent St, Long Island City, NY 11101-3804",Agoda.com,"1,858",3.5,150,102-224
Comfort Inn Brooklyn,12/9/2017,12/10/2017,2,1,"3218 Emmons Ave, Brooklyn, NY 11235-1115",Travelocity,64,3.5,275,187-288
Harbor Motor Inn,12/9/2017,12/10/2017,2,1,"1730 Shore Pkwy, Brooklyn, NY 11214-6547",,4,3,112,92-109
Days Inn Bronx Near Stadium,12/9/2017,12/10/2017,2,1,"997 Brook Ave, Bronx, NY 10451-4212",HotelQuickly,301,3.5,177,153-202
Holiday Inn Brooklyn Downtown,12/9/2017,12/10/2017,2,1,"300 Schermerhorn St, Brooklyn, NY 11217-1005",Booking.com,296,4,261,143-356
Howard Johnson Express Inn Bronx,12/9/2017,12/10/2017,2,1,"1922 Boston Rd, I-95 Exit 4B, Bronx, NY 10460-4423",Orbitz.com,366,3,153,133-217
Ibis Styles New York Laguardia Airport,12/9/2017,12/10/2017,2,1,"100-33 Ditmars Boulevard, East Elmhurst, NY 11369",ibis Styles,30,3.5,183,131-200
NU Hotel,12/9/2017,12/10/2017,2,1,"85 Smith St, Brooklyn, NY 11201-5907",Booking.com,934,4.5,314,166-436
LaGuardia Airport Hotel,12/9/2017,12/10/2017,2,1,"10015 Ditmars Blvd, East Elmhurst, NY 11369-1325",Hotwire.com,275,3,211,145-241
The Parc Hotel,12/9/2017,12/10/2017,2,1,"3916 College Point Blvd, Flushing, NY 11354-5138",Travelocity,208,4,197,139-359
Ravel Hotel,12/9/2017,12/10/2017,2,1,"808 Queens Plz S, Long Island City, NY 11101-4915",Expedia.com,743,3.5,309,141-469
Hyatt Place Long Island City / New York City,12/9/2017,12/10/2017,2,1,"2707 43rd Ave, Long Island City, NY 11101",Hyatt.com,2,5,211,159-287
Cambria hotel & suites White Plains - Downtown,12/9/2017,12/10/2017,2,1,"250 Main St, White Plains, NY 10601-2445",CambriaHotels,307,4.5,152,161-244
Courtyard Long Island City/New York Manhattan View,12/9/2017,12/10/2017,2,1,"2915 Queens Plz N, Long Island City, NY 11101-4009",Courtyard,121,4,271,155-348
The One Boutique Hotel,12/9/2017,12/10/2017,2,1,"137-72 Northern Blvd, Flushing, NY 11354-4122",Booking.com,79,3.5,139,126-275
Hotel RL by Red Lion Brooklyn,12/9/2017,12/10/2017,2,1,"1080 Broadway, Brooklyn, NY 11221-3014",Booking.com,24,3,224,133-300
Homewood Suites by Hilton Carle Place - Garden City,12/9/2017,12/10/2017,2,1,"40 Westbury Ave, Carle Place, NY 11514-1521",Expedia.com,649,4.5,188,159-279
Hampton Inn & Suites Bridgewater,12/9/2017,12/10/2017,2,1,"1277 Route 22 West, Bridgewater, NJ 08807",Hampton.com,107,5,101,116-237
Park House Hotel,12/9/2017,12/10/2017,2,1,"1206 48th St, Brooklyn, NY 11219-3009",,161,4,176,139-210
Hampton Inn NY - JFK,12/9/2017,12/10/2017,2,1,"144-10 135th Ave, Jamaica, NY 11436-2200",Expedia.com,"1,771",4,175,175-296
Best Western Plus Arena Hotel,12/9/2017,12/10/2017,2,1,"1324 Atlantic Avenue, Brooklyn, NY 11216-2811",Orbitz.com,590,4,178,155-307
Hotel Le Jolie,12/9/2017,12/10/2017,2,1,"235 Meeker Ave, Brooklyn, NY 11211-1244",Travelocity,"1,465",4.5,229,169-339
Hotel Indigo,12/9/2017,12/10/2017,2,1,"229 Duffield St, Brooklyn, NY 11201-5302",Booking.com,610,4,252,136-354
Quality Inn Long Island City,12/9/2017,12/10/2017,2,1,"3003 40th Ave, Long Island City, NY 11101-2811",QualityInn,442,4,149,108-223
Hampton Inn Garden City,12/9/2017,12/10/2017,2,1,"1 North Ave, Garden City, NY 11530-2125",Hotels.com,663,4,191,141-286
Atlantic Motor Inn,12/9/2017,12/10/2017,2,1,"1768 Atlantic Ave, Brooklyn, NY 11213-1208",TripAdvisor,13,2,156,149-200
The Box House Hotel,12/9/2017,12/10/2017,2,1,"77 Box Street, Brooklyn, NY 11222-1151",Booking.com,"1,046",4.5,319,156-448
JFK Airport,12/9/2017,12/10/2017,2,1,"11126 Van Wyck Expy, Ozone Park, NY 11420-1815",Hotels.com,372,3,143,120-400
Gowanus Inn and Yard,12/9/2017,12/10/2017,2,1,"645-651 Union St., Brooklyn, NY 11217",Expedia.com,1,1,197,113-304
Homewood Suites by Hilton Bridgewater / Branchburg,12/9/2017,12/10/2017,2,1,"968 US Highway 202 S, Branchburg, NJ 08876-3732",Homewood,237,4.5,110,115-284
Ramada Long Island City,12/9/2017,12/10/2017,2,1,"3830 Crescent St, Long Island City, NY 11101-3602",Booking.com,"1,028",3.5,140,109-207
Fairfield Inn & Suites New York Queens/Queensboro Bridge,12/9/2017,12/10/2017,2,1,"2927 40th Rd, Long Island City, NY 11101-2801",Fairfield Inn,630,4,220,123-289
Wyndham Garden Long Island City Manhattan View,12/9/2017,12/10/2017,2,1,"4429 9th St, Long Island City, NY 11101-7002",,"1,151",4,201,108-288
Fairfield Inn New York Long Island City / Manhattan View,12/9/2017,12/10/2017,2,1,"52-34 Van Dam Street, Long Island City, NY 11101",Booking.com,543,4,178,118-250
The Tillary Hotel,12/9/2017,12/10/2017,2,1,"85 Flatbush Avenue Ext, Brooklyn, NY 11201-2905",AMOMA,466,4,270,150-385
Hampton Inn Princeton,12/9/2017,12/10/2017,2,1,"4385 US Highway 1, 4385 Brunswick Pike, Princeton, NJ 08540-5705",Expedia.com,858,4.5,101,115-181
Ramada Staten Island,12/9/2017,12/10/2017,2,1,"535 N Gannon Ave, Staten Island, NY 10314-4317",Booking.com,368,3.5,135,108-198
City View Inn,12/9/2017,12/10/2017,2,1,"3317 Greenpoint Ave, Long Island City, NY 11101-2011",Expedia.com,342,3,251,145-293
Princess Lefferts Hotel,12/9/2017,12/10/2017,2,1,"127 Lefferts Pl, Brooklyn, NY 11238-2881",,0,-1,190,134-400
Franklin Guesthouse,12/9/2017,12/10/2017,2,1,"214 Franklin St, Brooklyn, NY 11222-6538",Travelocity,340,5,429,194-514
Sleep Inn Brooklyn,12/9/2017,12/10/2017,2,1,"247 49th St, Brooklyn, NY 11220-1708",,188,3.5,112,90-200
Lexington Inn,12/9/2017,12/10/2017,2,1,"2473 Atlantic Ave, Brooklyn, NY 11207-2305",Hotels.com,91,2,114,102-128
Pointe Plaza Hotel,12/9/2017,12/10/2017,2,1,"2 Franklin Ave, Brooklyn, NY 11249-7802",,779,4,134,125-264
Hilton New York JFK,12/9/2017,12/10/2017,2,1,"14402 135th Ave, Jamaica, NY 11436-2200",Hotels.com,"1,801",4,195,182-348
Best Western Jamaica Inn,12/9/2017,12/10/2017,2,1,"8707 Van Wyck Expy, Jamaica, NY 11435",BestWestern.com,468,4,128,115-228
Bogart Hotel,12/9/2017,12/10/2017,2,1,"19 Bogart St, Brooklyn, NY 11206-3805",Expedia.com,36,3.5,199,137-325
Hilton Garden Inn New York/Staten Island,12/9/2017,12/10/2017,2,1,"1100 South Ave, Staten Island, NY 10314-3410",GardenInn.com,"1,167",4,188,131-244
Hilton Garden Inn Melville,12/9/2017,12/10/2017,2,1,"1575 Round Swamp Rd, Plainview, NY 11803-5011",GardenInn.com,708,4.5,152,144-332
Hampton Inn New York - LaGuardia Airport,12/9/2017,12/10/2017,2,1,"102-40 Ditmars Blvd, East Elmhurst, NY 11369-1328",Hampton.com,"1,147",4,164,186-299
Sheraton Stamford Hotel,12/9/2017,12/10/2017,2,1,"700 Main St, Stamford, CT 06901-2111",Sheraton.com,540,4.5,129,142-295
Sheraton JFK Airport Hotel,12/9/2017,12/10/2017,2,1,"13226 S Conduit Ave, Jamaica, NY 11430-1505",Expedia.com,682,4,209,160-296
Hilton Garden Inn Wayne,12/9/2017,12/10/2017,2,1,"15 Nevins Rd, Wayne, NJ 07470-2050",GardenInn.com,308,4.5,118,133-250
Aloft New York Brooklyn,12/9/2017,12/10/2017,2,1,"216 Duffield Street, Brooklyn, NY 11201-5303",Booking.com,"1,049",4,279,136-453
McCarren Hotel & Pool,12/9/2017,12/10/2017,2,1,"160 N 12th St, Brooklyn, NY 11249-1127",Hotwire.com,"1,147",4,385,203-477
LIC Hotel,12/9/2017,12/10/2017,2,1,"4404 21st St, Long Island City, NY 11101-5006",,309,4.5,177,102-248
Hillside Hotel,12/9/2017,12/10/2017,2,1,"140-17 Queens Boulevard, Jamaica, NY 11435-3219",Booking.com,5,3,212,112-286
Rodeway Inn Bronx Zoo,12/9/2017,12/10/2017,2,1,"3070 Webster Ave # 72, Bronx, NY 10467-4918",Booking.com,67,4,184,142-265
DoubleTree by Hilton Hotel & Suites Jersey City,12/9/2017,12/10/2017,2,1,"455 Washington Blvd, Jersey City, NJ 07310-1972",Doubletree.com,"1,428",4,269,172-443
Comfort Inn & Suites near Stadium,12/9/2017,12/10/2017,2,1,"2477 Third Avenue, Bronx, NY 10451",Travelocity,20,4,199,139-272
Ramada Bronx,12/9/2017,12/10/2017,2,1,"1000 Baychester Ave, Bronx, NY 10475-4567",Booking.com,403,4,234,159-247
Fairfield Inn New York LaGuardia Airport/Flushing,12/9/2017,12/10/2017,2,1,"28-66 College Point Boulevard, Flushing, NY 11354",Travelocity,513,4,139,148-241
Umbrella Hotel,12/9/2017,12/10/2017,2,1,"681 Elton Ave, Bronx, NY 10455-1226",Booking.com,17,3.5,199,173-296
Quality Inn,12/9/2017,12/10/2017,2,1,"95 Chester Street, Brooklyn, NY 11212-5642",Expedia.com,31,2.5,177,151-223
Homewood Suites by Hilton Mahwah,12/9/2017,12/10/2017,2,1,"375 Corporate Dr, Mahwah, NJ 07430-2012",Homewood,542,4.5,121,132-214
"The LOOK hotel, Red Hook, an Ascend Hotel Collection Member",12/9/2017,12/10/2017,2,1,"17 Seabring Street, Brooklyn, NY 11231-1820",AscendHotels,11,3,169,162-258
SpringHill Suites by Marriott New York LaGuardia Airport,12/9/2017,12/10/2017,2,1,"112-15 Northern Boulevard, Corona, NY 11368",Booking.com,395,4.5,219,205-335
Grandview Hotel New York,12/9/2017,12/10/2017,2,1,"3106 Linden Pl, Flushing, NY 11354-1917",Booking.com,10,3.5,132,137-169
Opera House Hotel,12/9/2017,12/10/2017,2,1,"436 E 149th St, Bronx, NY 10455-1304",Booking.com,638,4.5,209,112-260
Hilton Garden Inn Springfield,12/9/2017,12/10/2017,2,1,"304 US Highway 22, Springfield, NJ 07081-3510",GardenInn.com,105,4.5,118,143-253
Sheridan Hotel,12/9/2017,12/10/2017,2,1,"1440 Sheridan Expy, Bronx, NY 10459-2106",Booking.com,140,2.5,171,148-263
La Quinta Inn & Suites Brooklyn Downtown,12/9/2017,12/10/2017,2,1,"533 3rd Ave, Brooklyn, NY 11215-4623",,413,3.5,193,119-266
Super 8 Long Island City LGA Hotel,12/9/2017,12/10/2017,2,1,"31-62 14th St, Long Island City, NY 11106-4810",Booking.com,186,3.5,136,110-281
Sleep Inn - Long Island City,12/9/2017,12/10/2017,2,1,"3871 13th St, Long Island City, NY 11101-6119",SleepInn,933,4,161,118-224
Days Inn Brooklyn,12/9/2017,12/10/2017,2,1,"437 39th St, Brooklyn, NY 11232-2909",Booking.com,339,2.5,127,131-248
The Inn At Fox Hollow Hotel,12/9/2017,12/10/2017,2,1,"7755 Jericho Tpke, Woodbury, NY 11797-1710",TripAdvisor,"2,193",4.5,271,207-343
Hampton Inn & Suites Parsippany/North,12/9/2017,12/10/2017,2,1,"3737 US Highway 46, Parsippany, NJ 07054-1018",Hampton.com,570,4.5,101,95-215
Asiatic Hotel - Flushing,12/9/2017,12/10/2017,2,1,"13521 37th Ave, Flushing, NY 11354-4119",Booking.com,216,4,155,105-192
Wythe Hotel,12/9/2017,12/10/2017,2,1,"80 Wythe Ave, Brooklyn, NY 11249-1026",TripAdvisor,532,4.5,365,273-440
Best Western Queens Gold Coast,12/9/2017,12/10/2017,2,1,"22033 Northern Blvd, Bayside, NY 11361-3642",,244,4,171,118-214
West Shore Motel Lodge,12/9/2017,12/10/2017,2,1,"2600 Veterans Rd W, Staten Island, NY 10309-2509",,5,1.5,112,101-157
Hotel Vetiver,12/9/2017,12/10/2017,2,1,"29-11 39th Ave, Long Island City, NY 11101-2712",TripAdvisor,"1,146",4,166,94-259
Comfort Inn LaGuardia Airport - 83rd St,12/9/2017,12/10/2017,2,1,"2345 83rd St, East Elmhurst, NY 11370",ComfortInn,171,3.5,119,128-216
Prince Flushing Hotel,12/9/2017,12/10/2017,2,1,"13343 37th Ave, Flushing, NY 11354-4418",Booking.com,84,3.5,139,147-204
The Metropolitan,12/9/2017,12/10/2017,2,1,"437 Union Ave, Brooklyn, NY 11211-3424",Expedia.com,5,2.5,235,233-254
Best Western Plus Brooklyn Bay Hotel,12/9/2017,12/10/2017,2,1,"3003 Emmons Avenue, Sheepshead Bay, Brooklyn, NY 11235",Booking.com,279,4,243,168-373
Fairfield Inn & Suites by Marriott New York Queens / Fresh Meadows,12/9/2017,12/10/2017,2,1,"183-31 Horace Harding Expressway, Fresh Meadows, NY 11365",Hotels.com,4,4,231,218-247
The Westin Jersey City Newport,12/9/2017,12/10/2017,2,1,"479 Washington Boulevard, Jersey City, NJ 07310-1972",Expedia.com,"1,477",4.5,208,176-462
La Guardia Inn,12/9/2017,12/10/2017,2,1,"10015 Ditmars Blvd, East Elmhurst, NY 11369-1325",,24,3.5,112,99-140
Courtyard by Marriott New York JFK Airport,12/9/2017,12/10/2017,2,1,"14511 N Conduit Ave, Jamaica, NY 11436-2236",Travelocity,811,4,228,173-277
Delamar Greenwich Harbor Hotel,12/9/2017,12/10/2017,2,1,"500 Steamboat Rd, Greenwich, CT 06830-7120",Booking.com,655,4.5,233,258-456
Sleep Inn,12/9/2017,12/10/2017,2,1,"73 Mother Gaston Blvd, Brooklyn, NY 11233-2810",Orbitz.com,3,2.5,177,146-224
Holiday Inn Express - Bronx NYC - Stadium Area,12/9/2017,12/10/2017,2,1,"500 Exterior Street, Bronx, NY 10451",Expedia.com,6,1.5,170,168-250
Red Carpet Inn,12/9/2017,12/10/2017,2,1,"980 Wyckoff Ave, Brooklyn, NY 11237-6124",Booking.com,199,2.5,371,201-525
Hyatt Place New York/Yonkers,12/9/2017,12/10/2017,2,1,"7000 Mall Walk, Yonkers, NY 10704-1221",Booking.com,584,4.5,189,157-273
Brooklyn Motor Inn,12/9/2017,12/10/2017,2,1,"140 Hamilton Ave, Brooklyn, NY 11231-1314",Booking.com,84,2.5,140,142-223
Comfort Inn Brooklyn,12/9/2017,12/10/2017,2,1,"353 38th St, Brooklyn, NY 11232-2511",,146,3.5,845,836-875
Days Inn Jamaica - Jfk Airport,12/9/2017,12/10/2017,2,1,"14426 153rd Ct, Jamaica, NY 11434-4202",Booking.com,"1,073",3.5,161,133-232
The Madison Hotel,12/9/2017,12/10/2017,2,1,"1 Convent Rd, Morristown, NJ 07960-6922",Expedia.com,830,4.5,131,141-340
Flushing Central Hotel,12/9/2017,12/10/2017,2,1,"135-33 38th Ave, Flushing, NY 11354-4416",Booking.com,163,3.5,143,118-193
Radisson Hotel JFK Airport,12/9/2017,12/10/2017,2,1,"13530 140th St, Jamaica, NY 11436-2137",Radisson.com,"1,195",3.5,161,150-230
Ramada Flushing Queens,12/9/2017,12/10/2017,2,1,"3627 Prince St, Flushing, NY 11354-4008",Booking.com,198,3.5,171,150-1033
Hampton Inn Brooklyn/Downtown,12/9/2017,12/10/2017,2,1,"125 Flatbush Avenue Ext, Brooklyn, NY 11201-2901",Hampton.com,899,4.5,279,145-827
Hotel Le Bleu,12/9/2017,12/10/2017,2,1,"370 4th Avenue, Brooklyn, NY 11215-2718",Hotel Le Bleu,"1,070",4,202,168-355
Pelham Garden Motel,12/9/2017,12/10/2017,2,1,"1990 E Gun Hill Rd, Bronx, NY 10469-6014",,6,4.5,134,116-225
Z NYC Hotel,12/9/2017,12/10/2017,2,1,"1101 43rd Ave, Long Island City, NY 11101-6814",AMOMA,"1,383",4,235,131-342
The Brooklyn,12/9/2017,12/10/2017,2,1,"1199 Atlantic Ave, Brooklyn, NY 11216-2709",Travelocity,255,4.5,254,166-413
BEST WESTERN Gregory Hotel,12/9/2017,12/10/2017,2,1,"8315 4th Ave, Brooklyn, NY 11209",Booking.com,392,3.5,149,150-263
Best Western Plaza Hotel,12/9/2017,12/10/2017,2,1,"3934 21st Street, Long Island City, NY 11101",Booking.com,"1,771",4,187,94-262
The Williamsburg Hotel,12/9/2017,12/10/2017,2,1,"96 Wythe Ave, Brooklyn, NY 11249-1923",Booking.com,132,4.5,536,225-532
Hilton Garden Inn Queens / JFK Airport,12/9/2017,12/10/2017,2,1,"14818 134th St, Jamaica, NY 11430-1507",GardenInn.com,"1,178",4,249,171-287
Super 8 Brooklyn / Park Slope Hotel,12/9/2017,12/10/2017,2,1,"267 3rd Ave, Brooklyn, NY 11215-1001",AMOMA,588,4,183,179-855
Wyndham Garden Fresh Meadows Flushing,12/9/2017,12/10/2017,2,1,"6127 186th Street, NY 11365",TripAdvisor,41,3,126,111-229
Homewood Suites by Hilton East Rutherford-Meadowlands,12/9/2017,12/10/2017,2,1,"125 Route 17 South, East Rutherford, NJ 07073",Homewood,613,4.5,209,168-257
Seaside Best Rentals,12/9/2017,12/10/2017,2,1,"1709 N Ocean Ave, Seaside Park, NJ 08752-1232",Travelocity,214,5,192,172-247
Aloft New York LaGuardia Airport,12/9/2017,12/10/2017,2,1,"100-15 Ditmars Boulevard, East Elmhurst, NY 11369",Booking.com,14,4,171,146-241
Crowne Plaza White Plains Downtown,12/9/2017,12/10/2017,2,1,"66 Hale Ave, White Plains, NY 10601-4504",CrownePlaza.com,817,4.5,119,138-228
The Anchor Inn,12/9/2017,12/10/2017,2,1,"21534 Northern Blvd, On the Corner of 215 Place and Northern Blvd, Bayside, NY 11361-3465",Expedia.com,21,3.5,122,143-207
Wyndham Garden Laguardia South,12/9/2017,12/10/2017,2,1,"61-18 93rd Street, Rego Park, NY 11374",Travelocity,95,4,209,149-287
Holiday Inn Express Brooklyn,12/9/2017,12/10/2017,2,1,"625 Union St, Brooklyn, NY 11215-1033",HIExpress.com,344,3.5,275,147-336
Teaneck Marriott at Glenpointe,12/9/2017,12/10/2017,2,1,"100 Frank W Burr Blvd, Teaneck, NJ 07666-6702",Marriott Hotels,652,4.5,178,150-331
Sheraton LaGuardia East Hotel,12/9/2017,12/10/2017,2,1,"13520 39th Ave, Flushing, NY 11354-4450",Booking.com,315,4,332,261-383
